-- MySQL dump 10.13  Distrib 5.5.62, for Win64 (AMD64)
--
-- Host: localhost    Database: mypos
-- ------------------------------------------------------
-- Server version	5.5.5-10.4.22-MariaDB

/*!40101 SET @OLD_CHARACTER_SET_CLIENT=@@CHARACTER_SET_CLIENT */;
/*!40101 SET @OLD_CHARACTER_SET_RESULTS=@@CHARACTER_SET_RESULTS */;
/*!40101 SET @OLD_COLLATION_CONNECTION=@@COLLATION_CONNECTION */;
/*!40101 SET NAMES utf8 */;
/*!40103 SET @OLD_TIME_ZONE=@@TIME_ZONE */;
/*!40103 SET TIME_ZONE='+00:00' */;
/*!40014 SET @OLD_UNIQUE_CHECKS=@@UNIQUE_CHECKS, UNIQUE_CHECKS=0 */;
/*!40014 SET @OLD_FOREIGN_KEY_CHECKS=@@FOREIGN_KEY_CHECKS, FOREIGN_KEY_CHECKS=0 */;
/*!40101 SET @OLD_SQL_MODE=@@SQL_MODE, SQL_MODE='NO_AUTO_VALUE_ON_ZERO' */;
/*!40111 SET @OLD_SQL_NOTES=@@SQL_NOTES, SQL_NOTES=0 */;

--
-- Table structure for table `customer`
--

DROP TABLE IF EXISTS `customer`;
/*!40101 SET @saved_cs_client     = @@character_set_client */;
/*!40101 SET character_set_client = utf8 */;
CREATE TABLE `customer` (
  `customer_id` int(11) NOT NULL AUTO_INCREMENT,
  `name` varchar(100) NOT NULL,
  `gender` enum('L','P') NOT NULL,
  `phone` varchar(15) NOT NULL,
  `address` text NOT NULL,
  `created` datetime NOT NULL DEFAULT current_timestamp(),
  `updated` datetime DEFAULT NULL,
  PRIMARY KEY (`customer_id`)
) ENGINE=InnoDB AUTO_INCREMENT=14 DEFAULT CHARSET=utf8mb4;
/*!40101 SET character_set_client = @saved_cs_client */;

--
-- Dumping data for table `customer`
--

LOCK TABLES `customer` WRITE;
/*!40000 ALTER TABLE `customer` DISABLE KEYS */;
INSERT INTO `customer` VALUES (1,'Sindi A','P','084343434','Juwana','2019-04-13 21:36:41','2019-04-13 22:57:35'),(3,'Tono','L','089232323','Pati','2019-04-13 21:43:14',NULL),(5,'Idwan Hadi','L','0342232323','Kudus\r\n','2019-04-13 22:57:28','2019-04-13 22:58:37'),(6,'Anton','L','0813434344','Kudus','2019-04-13 22:57:49',NULL),(7,'Ana','P','082332932','Kediri','2019-04-13 22:58:07',NULL),(8,'Raka','L','083483449','Pati','2019-04-13 22:58:31',NULL),(9,'Purnomo','L','08734347734','Jogjakarta','2019-04-13 22:58:55',NULL),(10,'Zahier','L','601300808888','Malaysia','2019-04-13 22:59:49','2019-04-13 23:00:00'),(11,'Syafi\'i','L','08232323','Kudus','2019-04-13 23:00:21',NULL),(12,'Ahmad Masruri','L','08943444372','Pati','2019-04-13 23:00:37',NULL),(13,'Ifan Fadillah','L','087778444422','Kudus','2019-04-13 23:00:55',NULL);
/*!40000 ALTER TABLE `customer` ENABLE KEYS */;
UNLOCK TABLES;

--
-- Table structure for table `master_gudang`
--

DROP TABLE IF EXISTS `master_gudang`;
/*!40101 SET @saved_cs_client     = @@character_set_client */;
/*!40101 SET character_set_client = utf8 */;
CREATE TABLE `master_gudang` (
  `id` int(11) NOT NULL AUTO_INCREMENT,
  `whs_code` varchar(255) DEFAULT NULL,
  `whs_name` varchar(255) DEFAULT NULL,
  PRIMARY KEY (`id`)
) ENGINE=InnoDB AUTO_INCREMENT=12 DEFAULT CHARSET=utf8mb4;
/*!40101 SET character_set_client = @saved_cs_client */;

--
-- Dumping data for table `master_gudang`
--

LOCK TABLES `master_gudang` WRITE;
/*!40000 ALTER TABLE `master_gudang` DISABLE KEYS */;
INSERT INTO `master_gudang` VALUES (1,'WH06.07','DG Chocolate Gallery Kelapa Gading'),(2,'WH06.01','DG Chocolate Gallery Aeon BSD'),(3,'WH06.02','DG Chocolate Gallery Alam Sutera'),(4,'WH06.03','DG Chocolate Gallery Bay Walk'),(5,'WH06.04','DG Chocolate Gallery Central Park'),(6,'WH06.05','DG Chocolate Gallery Emporium'),(7,'WH06.06','DG Chocolate Gallery Gandaria City'),(8,'WH06.08','DG Chocolate Gallery Kota Kasablanka '),(9,'WH06.09','DG Chocolate Gallery Pondok Indah 1'),(10,'WH06.10','DG Chocolate Gallery Lippo Mall Puri'),(11,'WH06.11','DG Chocolate Gallery Senayan City');
/*!40000 ALTER TABLE `master_gudang` ENABLE KEYS */;
UNLOCK TABLES;

--
-- Table structure for table `p_category`
--

DROP TABLE IF EXISTS `p_category`;
/*!40101 SET @saved_cs_client     = @@character_set_client */;
/*!40101 SET character_set_client = utf8 */;
CREATE TABLE `p_category` (
  `category_id` int(11) NOT NULL AUTO_INCREMENT,
  `name` varchar(100) NOT NULL,
  `created` datetime NOT NULL DEFAULT current_timestamp(),
  `updated` datetime DEFAULT NULL,
  PRIMARY KEY (`category_id`)
) ENGINE=InnoDB AUTO_INCREMENT=16 DEFAULT CHARSET=utf8mb4;
/*!40101 SET character_set_client = @saved_cs_client */;

--
-- Dumping data for table `p_category`
--

LOCK TABLES `p_category` WRITE;
/*!40000 ALTER TABLE `p_category` DISABLE KEYS */;
INSERT INTO `p_category` VALUES (15,'groceries','2022-12-05 15:22:19',NULL);
/*!40000 ALTER TABLE `p_category` ENABLE KEYS */;
UNLOCK TABLES;

--
-- Table structure for table `p_item`
--

DROP TABLE IF EXISTS `p_item`;
/*!40101 SET @saved_cs_client     = @@character_set_client */;
/*!40101 SET character_set_client = utf8 */;
CREATE TABLE `p_item` (
  `item_id` int(11) NOT NULL AUTO_INCREMENT,
  `item_code` varchar(100) NOT NULL,
  `barcode` varchar(100) DEFAULT NULL,
  `name` text DEFAULT NULL,
  `item_name_toko` text DEFAULT NULL,
  `item_name_sap` text DEFAULT NULL,
  `packing` text DEFAULT NULL,
  `category_id` int(11) NOT NULL,
  `unit_id` int(11) NOT NULL,
  `price` float DEFAULT NULL,
  `harga_jual` float DEFAULT NULL,
  `harga_bersih` float DEFAULT NULL,
  `exp_date` date DEFAULT NULL,
  `image` varchar(100) DEFAULT NULL,
  `created` datetime NOT NULL DEFAULT current_timestamp(),
  `updated` datetime DEFAULT NULL,
  `updated_info` text DEFAULT NULL,
  `created_by` varchar(50) DEFAULT NULL,
  `updated_by` varchar(50) DEFAULT NULL,
  PRIMARY KEY (`item_id`),
  UNIQUE KEY `barcode` (`barcode`),
  KEY `category_id` (`category_id`),
  KEY `unit_id` (`unit_id`),
  CONSTRAINT `p_item_ibfk_1` FOREIGN KEY (`category_id`) REFERENCES `p_category` (`category_id`),
  CONSTRAINT `p_item_ibfk_2` FOREIGN KEY (`unit_id`) REFERENCES `p_unit` (`unit_id`)
) ENGINE=InnoDB AUTO_INCREMENT=4679 DEFAULT CHARSET=utf8mb4;
/*!40101 SET character_set_client = @saved_cs_client */;

--
-- Dumping data for table `p_item`
--

LOCK TABLES `p_item` WRITE;
/*!40000 ALTER TABLE `p_item` DISABLE KEYS */;
INSERT INTO `p_item` VALUES (4331,'ALB0100','9311766000007','ALB - Mozzarella 250 g # 12 x 250 g','ALB - Mozzarella 250 g ',NULL,'',15,5,0,0,0,NULL,'','2023-01-18 16:27:23',NULL,NULL,NULL,NULL),(4332,'ALB0110','9311766000014','ALB - Mozzarella 500 g # 12 x 500 g','ALB - Mozzarella 500 g ',NULL,'',15,5,0,0,0,NULL,'','2023-01-18 16:27:23',NULL,NULL,NULL,NULL),(4333,'AMS0100','6936756230580','AMS - 4D Gummy Block 40g # 8 x 12 x 40g','AMS - 4D Gummy Block 40g ',NULL,'',15,5,8580,8580,7729.73,NULL,'','2023-01-18 16:27:23',NULL,NULL,NULL,NULL),(4334,'AMS0200','6936756230603','AMS - 4D Gummy Block 72g # 36 x 72g','AMS - 4D Gummy Block 72g ',NULL,'',15,5,15140,15140,13639.6,NULL,'','2023-01-18 16:27:23',NULL,NULL,NULL,NULL),(4335,'ASF0130','6281073210181','ASF - Natural Honey # 12 x 500 g','ASF - Natural Honey ',NULL,'',15,5,114000,114000,102703,NULL,'','2023-01-18 16:27:23',NULL,NULL,NULL,NULL),(4336,'ASF01A0','6281073210198','ASF - Natural Honey 500g+125g 1Pc # 12 x 625 Pcs','ASF - Natural Honey 500g+125g 1Pc ',NULL,'',15,5,105000,105000,94594.6,NULL,'','2023-01-18 16:27:23',NULL,NULL,NULL,NULL),(4337,'BCF0200','8888089990502','BCF - Colombiana Instant Coffee (Merah) 50g # 12 x 50g','BCF - Colombiana Instant Coffee (Merah) 50g ',NULL,'',15,5,0,0,0,NULL,'','2023-01-18 16:27:23',NULL,NULL,NULL,NULL),(4338,'BCF0210','8888089991004','BCF - Colombiana Instant Coffee (Merah) 100g # 12 x 100g','BCF - Colombiana Instant Coffee (Merah) 100g ',NULL,'',15,5,0,0,0,NULL,'','2023-01-18 16:27:23',NULL,NULL,NULL,NULL),(4339,'CAO0100','7612100113110','CAO - Caotina Original 200 g # 6 x 200 g','CAO - Caotina Original 200 g ',NULL,'',15,5,83750,83750,75450.5,NULL,'','2023-01-18 16:27:23',NULL,NULL,NULL,NULL),(4340,'CAO0110','7612100019184','CAO - Caotina Original 500 g # 6 x 500 g','CAO - Caotina Original 500 g ',NULL,'',15,5,160450,160450,144550,NULL,'','2023-01-18 16:27:23',NULL,NULL,NULL,NULL),(4341,'CAO0120','7612100055519','CAO - Caotina Noir 500 g # 6 x 500 g','CAO - Caotina Noir 500 g ',NULL,'',15,5,185170,185170,166820,NULL,'','2023-01-18 16:27:23',NULL,NULL,NULL,NULL),(4342,'CAO0130','7612100055496','CAO - Caotina Blanc 500 g # 6 x 500 g','CAO - Caotina Blanc 500 g ',NULL,'',15,5,185170,185170,166820,NULL,'','2023-01-18 16:27:23',NULL,NULL,NULL,NULL),(4343,'CAO0140','7612100800621','CAO - Chocolate Spread 300 g # 6 x 300 g','CAO - Chocolate Spread 300 g ',NULL,'',15,5,88800,88800,80000,NULL,'','2023-01-18 16:27:23',NULL,NULL,NULL,NULL),(4344,'CAV0100','5413623900032','CAV - Cavalier Bar Milk 44 g # 10 X 16 X 44 g','CAV - Cavalier Bar Milk 44 g ',NULL,'',15,5,31280,31280,28180.2,NULL,'','2023-01-18 16:27:23',NULL,NULL,NULL,NULL),(4345,'CAV0111','5413623900025','CAV - Cavalier Bar Dark 44 g # 10 X 16 X 44 g','CAV - Cavalier Bar Dark 44 g ',NULL,'',15,5,31280,31280,28180.2,NULL,'','2023-01-18 16:27:23',NULL,NULL,NULL,NULL),(4346,'CAV0120','5413623900063','CAV - Cavalier Bar Milk Pralinut 42 g # 10 X 16 X 42 g','CAV - Cavalier Bar Milk Pralinut 42 g ',NULL,'',15,5,31280,31280,28180.2,NULL,'','2023-01-18 16:27:23',NULL,NULL,NULL,NULL),(4347,'CAV0130','5413623101002','CAV - Cavalier Tablet Milk 85 g # 6 X 14 X 85 g','CAV - Cavalier Tablet Milk 85 g ',NULL,'',15,5,58530,58530,52729.7,NULL,'','2023-01-18 16:27:23',NULL,NULL,NULL,NULL),(4348,'CAV0140','5413623301006','CAV - Cavalier Tablet Dark 85 g # 6 X 14 X 85 g','CAV - Cavalier Tablet Dark 85 g ',NULL,'',15,5,58530,58530,52729.7,NULL,'','2023-01-18 16:27:23',NULL,NULL,NULL,NULL),(4349,'CAV0151','5413623201009','CAV - Cavalier Tablet M Hazelnut 85 g # 6 X 14 X 85 g','CAV - Cavalier Tablet M Hazelnut 85 g ',NULL,'',15,5,58530,58530,52729.7,NULL,'','2023-01-18 16:27:23',NULL,NULL,NULL,NULL),(4350,'CAV0160','5413623850047','CAV - Cavalier Tablet White 85 g # 6 X 14 X 85 g','CAV - Cavalier Tablet White 85 g ',NULL,'',15,5,58530,58530,52729.7,NULL,'','2023-01-18 16:27:23',NULL,NULL,NULL,NULL),(4351,'CCO0300','8997011630871','CCO - Bali Ass gift Pack # 24 x 170 g','CCO - Bali Ass gift Pack ',NULL,'',15,5,86280,86280,77729.7,NULL,'','2023-01-18 16:27:23',NULL,NULL,NULL,NULL),(4352,'CCO0310','8997011630888','CCO - Borobudur Almond gift Pack # 24 x 170 g','CCO - Borobudur Almond gift Pack ',NULL,'',15,5,86355,86355,77797.3,NULL,'','2023-01-18 16:27:23',NULL,NULL,NULL,NULL),(4353,'CCO0320','8997011631823','CCO - Wayang Kulit Nakula 170 g # 1 x 24 x 170 g','CCO - Wayang Kulit Nakula 170 g ',NULL,'',15,5,86280,86280,77729.7,NULL,'','2023-01-18 16:27:23',NULL,NULL,NULL,NULL),(4354,'CCO0330','8997011631830','CCO - Wayang Kulit Bima 170 g # 1 x 24 x 170 g','CCO - Wayang Kulit Bima 170 g ',NULL,'',15,5,86280,86280,77729.7,NULL,'','2023-01-18 16:27:23',NULL,NULL,NULL,NULL),(4355,'CCO0340','8997011631816','CCO - Wayang Kulit Arjuna Ass 170 g # 1 x 24 x 170 g','CCO - Wayang Kulit Arjuna Ass 170 g ',NULL,'',15,5,86280,86280,77729.7,NULL,'','2023-01-18 16:27:23',NULL,NULL,NULL,NULL),(4356,'CCO0350','8997011631809','CCO - Wayang Kulit Yudhistira Ass 170 g # 1 x 24 x 170 g','CCO - Wayang Kulit Yudhistira Ass 170 g ',NULL,'',15,5,86280,86280,77729.7,NULL,'','2023-01-18 16:27:23',NULL,NULL,NULL,NULL),(4357,'CCO0380','8997011631229','CCO - Bali 3Dancers Gift Pack # 24 x 170 g','CCO - Bali 3Dancers Gift Pack ',NULL,'',15,5,90310,90310,81360.4,NULL,'','2023-01-18 16:27:23',NULL,NULL,NULL,NULL),(4358,'CCO0390','8997011631212','CCO - Bali Lion Head Gift Pack # 24 x 170 g','CCO - Bali Lion Head Gift Pack ',NULL,'',15,5,90310,90310,81360.4,NULL,'','2023-01-18 16:27:23',NULL,NULL,NULL,NULL),(4359,'CCO03A0','8997011631236','CCO - Beautiful Indonesia Asst # 24 x 170 g','CCO - Beautiful Indonesia Asst ',NULL,'',15,5,90310,90310,81360.4,NULL,'','2023-01-18 16:27:23',NULL,NULL,NULL,NULL),(4360,'CCO0400','8997011630314','CCO - Hazelnut w/ Rice Cereal  # 24 x 135 g','CCO - Hazelnut w/ Rice Cereal  ',NULL,'',15,5,83250,83250,75000,NULL,'','2023-01-18 16:27:23',NULL,NULL,NULL,NULL),(4361,'CCO0410','8997011630284','CCO - Almond w/ Rice Cereal # 24 x 135 g','CCO - Almond w/ Rice Cereal ',NULL,'',15,5,83250,83250,75000,NULL,'','2023-01-18 16:27:23',NULL,NULL,NULL,NULL),(4362,'CCO0420','8997011630253','CCO - Milk Choco w/ Rice Cereal # 24 x 135 g','CCO - Milk Choco w/ Rice Cereal ',NULL,'',15,5,83250,83250,75000,NULL,'','2023-01-18 16:27:23',NULL,NULL,NULL,NULL),(4363,'CCO0430','8997011630321','CCO - Cylinder Jar Hazelnut  # 24 x 262.5 g','CCO - Cylinder Jar Hazelnut  ',NULL,'',15,5,71650,71650,64549.6,NULL,'','2023-01-18 16:27:23',NULL,NULL,NULL,NULL),(4364,'CCO0440','8997011630291','CCO - Cylinder Jar Almond  # 24 x 262.5 g','CCO - Cylinder Jar Almond  ',NULL,'',15,5,71650,71650,64549.6,NULL,'','2023-01-18 16:27:23',NULL,NULL,NULL,NULL),(4365,'CCO0450','8997011630260','CCO - Cylinder Jar Milk Chocolat # 24 x 262.5 g','CCO - Cylinder Jar Milk Chocolat ',NULL,'',15,5,71650,71650,64549.6,NULL,'','2023-01-18 16:27:23',NULL,NULL,NULL,NULL),(4366,'CCO0460','8997011630338','CCO - Square Jar Hazelnut # 18 x 525 g','CCO - Square Jar Hazelnut ',NULL,'',15,5,115040,115040,103640,NULL,'','2023-01-18 16:27:23',NULL,NULL,NULL,NULL),(4367,'CCO0470','8997011630307','CCO - Square Jar Almond # 18 x 525 g','CCO - Square Jar Almond ',NULL,'',15,5,115040,115040,103640,NULL,'','2023-01-18 16:27:23',NULL,NULL,NULL,NULL),(4368,'CCO0480','8997011630277','CCO - Square Jar Milk Chocolate # 18 x 525 g','CCO - Square Jar Milk Chocolate ',NULL,'',15,5,115040,115040,103640,NULL,'','2023-01-18 16:27:23',NULL,NULL,NULL,NULL),(4369,'CCO0500','8997011630017','CCO - Milk Bar 50 g # 12 x 20 x 50 g','CCO - Milk Bar 50 g ',NULL,'',15,5,11100,11100,10000,NULL,'','2023-01-18 16:27:23',NULL,NULL,NULL,NULL),(4370,'CCO0510','8997011630024','CCO - Milk Bar 100 g # 12 x 10 x 100 g','CCO - Milk Bar 100 g ',NULL,'',15,5,20180,20180,18180.2,NULL,'','2023-01-18 16:27:23',NULL,NULL,NULL,NULL),(4371,'CCO0520','8997011630031','CCO - Milk Bar 200 g # 6 x 10 x 200 g','CCO - Milk Bar 200 g ',NULL,'',15,5,38850,38850,35000,NULL,'','2023-01-18 16:27:23',NULL,NULL,NULL,NULL),(4372,'CCO0530','8997011630079','CCO - Almond Bar 50 g # 12 x 20 x 50 g','CCO - Almond Bar 50 g ',NULL,'',15,5,11600,11600,10450.5,NULL,'','2023-01-18 16:27:23',NULL,NULL,NULL,NULL),(4373,'CCO0540','8997011630086','CCO - Almond Bar 100 g # 12 x 10 x 100 g','CCO - Almond Bar 100 g ',NULL,'',15,5,22200,22200,20000,NULL,'','2023-01-18 16:27:23',NULL,NULL,NULL,NULL),(4374,'CCO0550','8997011630093','CCO - Almond Bar 200 g # 6 x 10 x 200 g','CCO - Almond Bar 200 g ',NULL,'',15,5,40870,40870,36819.8,NULL,'','2023-01-18 16:27:23',NULL,NULL,NULL,NULL),(4375,'CCO0560','8997011630109','CCO - Fruit and Nut Bar 50 g # 12 x 20 x 50 g','CCO - Fruit and Nut Bar 50 g ',NULL,'',15,5,11600,11600,10450.5,NULL,'','2023-01-18 16:27:23',NULL,NULL,NULL,NULL),(4376,'CCO0570','8997011630116','CCO - Fruit and Nut Bar 100 g # 12 x 10 x 100 g','CCO - Fruit and Nut Bar 100 g ',NULL,'',15,5,22200,22200,20000,NULL,'','2023-01-18 16:27:23',NULL,NULL,NULL,NULL),(4377,'CCO0580','8997011630123','CCO - Fruit and Nut Bar 200 g # 6 x 10 x 200 g','CCO - Fruit and Nut Bar 200 g ',NULL,'',15,5,40870,40870,36819.8,NULL,'','2023-01-18 16:27:23',NULL,NULL,NULL,NULL),(4378,'CCO0590','8997011630048','CCO - Hazelnut Bar 50 g # 12 x 20 x 50 g','CCO - Hazelnut Bar 50 g ',NULL,'',15,5,11600,11600,10450.5,NULL,'','2023-01-18 16:27:23',NULL,NULL,NULL,NULL),(4379,'CCO05A0','8997011630055','CCO - Hazelnut Bar 100 g # 12 x 10 x 100 g','CCO - Hazelnut Bar 100 g ',NULL,'',15,5,22200,22200,20000,NULL,'','2023-01-18 16:27:23',NULL,NULL,NULL,NULL),(4380,'CCO05B0','8997011630062','CCO - Hazelnut Bar 200 g # 6 x 10 x 200 g','CCO - Hazelnut Bar 200 g ',NULL,'',15,5,40870,40870,36819.8,NULL,'','2023-01-18 16:27:23',NULL,NULL,NULL,NULL),(4381,'CLN0100','8992919141405','CLN - Collin\'s Butter Nut 48g # 20 (15 x 3.2)','CLN - Collin\'s Butter Nut 48g ',NULL,'',15,5,0,0,0,NULL,'','2023-01-18 16:27:23',NULL,NULL,NULL,NULL),(4382,'CRM0160','9319133338012','CRM - Deluxe  Gluten Free 400 g # 6 x 400 g','CRM - Deluxe  Gluten Free 400 g ',NULL,'',15,5,0,0,0,NULL,'','2023-01-18 16:27:23',NULL,NULL,NULL,NULL),(4383,'DCG0100','00004','FA-Large Canopy Toys','FA-Large Canopy Toys',NULL,'',15,5,475000,475000,427928,NULL,'','2023-01-18 16:27:23',NULL,NULL,NULL,NULL),(4384,'DCG0200','0022','FA-Roadster Car-Green','FA-Roadster Car-Green',NULL,'',15,5,110000,110000,99099.1,NULL,'','2023-01-18 16:27:23',NULL,NULL,NULL,NULL),(4385,'DCG0300','00330006','FA-Mug w/Animal CharacterHandl','FA-Mug w/Animal CharacterHandl',NULL,'',15,5,152500,152500,137387,NULL,'','2023-01-18 16:27:23',NULL,NULL,NULL,NULL),(4386,'DCG0400','0049','FA-Embassed Pasta & Sphagetty ','FA-Embassed Pasta & Sphagetty ',NULL,'',15,5,395000,395000,355856,NULL,'','2023-01-18 16:27:23',NULL,NULL,NULL,NULL),(4387,'DCG0500','1509200831029','FA-Parcel Type B','FA-Parcel Type B',NULL,'',15,5,0,0,0,NULL,'','2023-01-18 16:27:23',NULL,NULL,NULL,NULL),(4388,'DCG0600','1509200831036','FA-Parcel Type D','FA-Parcel Type D',NULL,'',15,5,0,0,0,NULL,'','2023-01-18 16:27:23',NULL,NULL,NULL,NULL),(4389,'DCG0700','2008311300282','FA-Teddy Mug w/FA Logo','FA-Teddy Mug w/FA Logo',NULL,'',15,5,103000,103000,92792.8,NULL,'','2023-01-18 16:27:23',NULL,NULL,NULL,NULL),(4390,'DCG0800','2008313600052','FA-Paper Bag (L)','FA-Paper Bag (L)',NULL,'',15,5,50000,50000,45045,NULL,'','2023-01-18 16:27:23',NULL,NULL,NULL,NULL),(4391,'DCG0900','2008313600076','FA-Paper Bag (S)','FA-Paper Bag (S)',NULL,'',15,5,0,0,0,NULL,'','2023-01-18 16:27:23',NULL,NULL,NULL,NULL),(4392,'DCG1000','2008313600083','FA-Paper Bag (M)','FA-Paper Bag (M)',NULL,'',15,5,0,0,0,NULL,'','2023-01-18 16:27:23',NULL,NULL,NULL,NULL),(4393,'DCG1100','38000255','FA-Teddy In Bath','FA-Teddy In Bath',NULL,'',15,5,120000,120000,108108,NULL,'','2023-01-18 16:27:23',NULL,NULL,NULL,NULL),(4394,'DCG1200','38000300','FA-Large Canopy Grocer','FA-Large Canopy Grocer',NULL,'',15,5,475000,475000,427928,NULL,'','2023-01-18 16:27:23',NULL,NULL,NULL,NULL),(4395,'DCG1300','38000317','FA-Large Canopy Bakery','FA-Large Canopy Bakery',NULL,'',15,5,475000,475000,427928,NULL,'','2023-01-18 16:27:23',NULL,NULL,NULL,NULL),(4396,'DCG1400','38000331','FA-Winter Canopy Cookies','FA-Winter Canopy Cookies',NULL,'',15,5,173500,173500,156306,NULL,'','2023-01-18 16:27:23',NULL,NULL,NULL,NULL),(4397,'DCG1500','38000768','Box Teddy Bear W/Handle (S)','Box Teddy Bear W/Handle (S)',NULL,'',15,5,90900,90900,81891.9,NULL,'','2023-01-18 16:27:23',NULL,NULL,NULL,NULL),(4398,'DCG1600','38001048','FA-Brown Basket W/ Handle (S)','FA-Brown Basket W/ Handle (S)',NULL,'',15,5,90900,90900,81891.9,NULL,'','2023-01-18 16:27:23',NULL,NULL,NULL,NULL),(4399,'DCG1700','38001055','FA-Brown Basket W/ Handle (M)','FA-Brown Basket W/ Handle (M)',NULL,'',15,5,121200,121200,109189,NULL,'','2023-01-18 16:27:23',NULL,NULL,NULL,NULL),(4400,'DCG1800','38001727','FA-Kereta Salju Besar','FA-Kereta Salju Besar',NULL,'',15,5,227249,227249,204729,NULL,'','2023-01-18 16:27:23',NULL,NULL,NULL,NULL),(4401,'DCG1900','38003134','FA-Terry Box Chef Medium 5426 ','FA-Terry Box Chef Medium 5426 ',NULL,'',15,5,110000,110000,99099.1,NULL,'','2023-01-18 16:27:23',NULL,NULL,NULL,NULL),(4402,'DCG2000','38003158','FA-Ugly Cute Boy Medium 5554','FA-Ugly Cute Boy Medium 5554',NULL,'',15,5,110000,110000,99099.1,NULL,'','2023-01-18 16:27:23',NULL,NULL,NULL,NULL),(4403,'DCG2100','38003172','FA-Ugly Cute Boy Birthday 5563','FA-Ugly Cute Boy Birthday 5563',NULL,'',15,5,110000,110000,99099.1,NULL,'','2023-01-18 16:27:23',NULL,NULL,NULL,NULL),(4404,'DCG2200','38003189','FA-Ugly Cute Girl Birthday5564','FA-Ugly Cute Girl Birthday5564',NULL,'',15,5,110000,110000,99099.1,NULL,'','2023-01-18 16:27:23',NULL,NULL,NULL,NULL),(4405,'DCG2300','38003219','FA-Bull Medium Jar 5430','FA-Bull Medium Jar 5430',NULL,'',15,5,110000,110000,99099.1,NULL,'','2023-01-18 16:27:23',NULL,NULL,NULL,NULL),(4406,'DCG2400','38003226','FA-Cow Medium Jar 5432','FA-Cow Medium Jar 5432',NULL,'',15,5,110000,110000,99099.1,NULL,'','2023-01-18 16:27:23',NULL,NULL,NULL,NULL),(4407,'DCG2500','38003240','FA-Tiger Medium Jar 5550','FA-Tiger Medium Jar 5550',NULL,'',15,5,110000,110000,99099.1,NULL,'','2023-01-18 16:27:23',NULL,NULL,NULL,NULL),(4408,'DCG2600','38003257','FA-Dwarf Medium Jar 5670','FA-Dwarf Medium Jar 5670',NULL,'',15,5,110000,110000,99099.1,NULL,'','2023-01-18 16:27:23',NULL,NULL,NULL,NULL),(4409,'DCG2700','38003301','FA-Layer Pandan Box','FA-Layer Pandan Box',NULL,'',15,5,187000,187000,168468,NULL,'','2023-01-18 16:27:23',NULL,NULL,NULL,NULL),(4410,'DCG2800','38003363','FA-Chicken Medium Jar w/Choc','FA-Chicken Medium Jar w/Choc',NULL,'',15,5,110000,110000,99099.1,NULL,'','2023-01-18 16:27:23',NULL,NULL,NULL,NULL),(4411,'DCG2900','38003417','FA-Frog Medium Jar with Choco','FA-Frog Medium Jar with Choco',NULL,'',15,5,110000,110000,99099.1,NULL,'','2023-01-18 16:27:23',NULL,NULL,NULL,NULL),(4412,'DCG3000','38003523','FA-Maize Basket Mocca 0274 (L)','FA-Maize Basket Mocca 0274 (L)',NULL,'',15,5,210000,210000,189189,NULL,'','2023-01-18 16:27:23',NULL,NULL,NULL,NULL),(4413,'DCG3100','38003530','FA-Maize Basket Mocca 0274 (M)','FA-Maize Basket Mocca 0274 (M)',NULL,'',15,5,189000,189000,170270,NULL,'','2023-01-18 16:27:23',NULL,NULL,NULL,NULL),(4414,'DCG3200','38003547','FA-Maize Basket Mocca 0274 (S)','FA-Maize Basket Mocca 0274 (S)',NULL,'',15,5,157500,157500,141892,NULL,'','2023-01-18 16:27:23',NULL,NULL,NULL,NULL),(4415,'DCG3300','38006081','Pack - Keranjang Majalah Imlek','Pack - Keranjang Majalah Imlek',NULL,'',15,5,165000,165000,148649,NULL,'','2023-01-18 16:27:23',NULL,NULL,NULL,NULL),(4416,'DCG3700','38008276','Pack- Keranjang Rutan Bulat','Pack- Keranjang Rutan Bulat',NULL,'',15,5,60600,60600,54594.6,NULL,'','2023-01-18 16:27:23',NULL,NULL,NULL,NULL),(4417,'DCG3800','38008319','Pack - Box Kotak DG Coklat ','Pack - Box Kotak DG Coklat ',NULL,'',15,5,101000,101000,90991,NULL,'','2023-01-18 16:27:23',NULL,NULL,NULL,NULL),(4418,'DCG4000','38008405','Pack- Fa Happy Holiday Paper S','Pack- Fa Happy Holiday Paper S',NULL,'',15,5,0,0,0,NULL,'','2023-01-18 16:27:23',NULL,NULL,NULL,NULL),(4419,'DCG4100','38008412','Pack- Fa Happy Holiday Paper L','Pack- Fa Happy Holiday Paper L',NULL,'',15,5,0,0,0,NULL,'','2023-01-18 16:27:23',NULL,NULL,NULL,NULL),(4420,'DCG4200','38008474','Pack - Keranjang Kotak Kuping ','Pack - Keranjang Kotak Kuping ',NULL,'',15,5,121100,121100,109099,NULL,'','2023-01-18 16:27:23',NULL,NULL,NULL,NULL),(4421,'DCG4300','38008481','Pack - Keranjang Rotan Besar ','Pack - Keranjang Rotan Besar ',NULL,'',15,5,0,0,0,NULL,'','2023-01-18 16:27:23',NULL,NULL,NULL,NULL),(4422,'DCG4400','38008665','Pack - Keranjang Tangkai 1 Pcs','Pack - Keranjang Tangkai 1 Pcs',NULL,'',15,5,160000,160000,144144,NULL,'','2023-01-18 16:27:23',NULL,NULL,NULL,NULL),(4423,'DCG4500','38009044','Pack - FA Lebaran Green Round ','Pack - FA Lebaran Green Round ',NULL,'',15,5,171600,171600,154595,NULL,'','2023-01-18 16:27:23',NULL,NULL,NULL,NULL),(4424,'DCG4600','38010514','Pack- Box Christmas Long','Pack- Box Christmas Long',NULL,'',15,5,80800,80800,72792.8,NULL,'','2023-01-18 16:27:23',NULL,NULL,NULL,NULL),(4425,'DCG4700','38010873','Pack-FA Baki Gelombang Natal S','Pack-FA Baki Gelombang Natal S',NULL,'',15,5,0,0,0,NULL,'','2023-01-18 16:27:23',NULL,NULL,NULL,NULL),(4426,'DCG4800','38010958','Pack-keranjang Tangkai Saley K','Pack-keranjang Tangkai Saley K',NULL,'',15,5,0,0,0,NULL,'','2023-01-18 16:27:23',NULL,NULL,NULL,NULL),(4427,'DCG4900','38010965','Pack-Keranjang Sariman Kotak ','Pack-Keranjang Sariman Kotak ',NULL,'',15,5,0,0,0,NULL,'','2023-01-18 16:27:23',NULL,NULL,NULL,NULL),(4428,'DCG5000','38010972','Pack - Keranjang Santa','Pack - Keranjang Santa',NULL,'',15,5,0,0,0,NULL,'','2023-01-18 16:27:23',NULL,NULL,NULL,NULL),(4429,'DCG5200','4891034041048','Gift-Lindt Coffee Mug','Gift-Lindt Coffee Mug',NULL,'',15,5,0,0,0,NULL,'','2023-01-18 16:27:23',NULL,NULL,NULL,NULL),(4430,'DCG5300','7610062081065','Jura Waffer mini','Jura Waffer mini',NULL,'',15,5,55000,55000,49549.6,NULL,'','2023-01-18 16:27:23',NULL,NULL,NULL,NULL),(4431,'DCG5400','7610062092566','Mini Chocobeau ','Mini Chocobeau ',NULL,'',15,5,105000,105000,94594.6,NULL,'','2023-01-18 16:27:23',NULL,NULL,NULL,NULL),(4432,'DCG5500','7610400030632','Lindor Cornet White 200 g','Lindor Cornet White 200 g',NULL,'',15,5,155400,155400,140000,NULL,'','2023-01-18 16:27:23',NULL,NULL,NULL,NULL),(4433,'DCG5600','7610400936521','LDT-SURFIN BULK','LDT-SURFIN BULK',NULL,'',15,5,83250,83250,75000,NULL,'','2023-01-18 16:27:23',NULL,NULL,NULL,NULL),(4434,'DCG5700','7610400988889','Lindor White Gift Box','Lindor White Gift Box',NULL,'',15,5,165490,165490,149090,NULL,'','2023-01-18 16:27:23',NULL,NULL,NULL,NULL),(4435,'DCG5800','8000000780003','FA-Pix Mix Chocolate 1','FA-Pix Mix Chocolate 1',NULL,'',15,5,83250,83250,75000,NULL,'','2023-01-18 16:27:23',NULL,NULL,NULL,NULL),(4436,'DCG6000','9403142002238','White Chocolate block 200 gr','White Chocolate block 200 gr',NULL,'',15,5,91830,91830,82729.7,NULL,'','2023-01-18 16:27:23',NULL,NULL,NULL,NULL),(4437,'DCG6100','38011634','Pack-Keranjang Oval Rotan S','Pack-Keranjang Oval Rotan S',NULL,'',15,5,0,0,0,NULL,'','2023-01-18 16:27:23',NULL,NULL,NULL,NULL),(4438,'DCG6200','38011641','Pack-keranjang Oval Rotan M','Pack-keranjang Oval Rotan M',NULL,'',15,5,0,0,0,NULL,'','2023-01-18 16:27:23',NULL,NULL,NULL,NULL),(4439,'DCG6400','70177118495','TWN- Strawberry & Mango 50 gr','TWN- Strawberry & Mango 50 gr',NULL,'',15,5,79000,79000,71171.2,NULL,'','2023-01-18 16:27:23',NULL,NULL,NULL,NULL),(4440,'DCG6500','7610062211851','WNL- Pack Sleeve','WNL- Pack Sleeve',NULL,'',15,5,0,0,0,NULL,'','2023-01-18 16:27:23',NULL,NULL,NULL,NULL),(4441,'DCG7100','38008887','FA - kantor plastik coklat 1 pcs ','FA - kantor plastik coklat 1 pcs ',NULL,'',15,5,0,0,0,NULL,'','2023-01-18 16:27:23',NULL,NULL,NULL,NULL),(4442,'ESP0210','9311755200609','ESP - OLD STYLE LEMON LIME BITTE # 24 x 275 Ml','ESP - OLD STYLE LEMON LIME BITTE ',NULL,'',15,5,0,0,0,NULL,'','2023-01-18 16:27:23',NULL,NULL,NULL,NULL),(4443,'ESP0220','9349277000612','ESP - Classic Cola 275 ml # 24 x 275 ml','ESP - Classic Cola 275 ml ',NULL,'',15,5,0,0,0,NULL,'','2023-01-18 16:27:23',NULL,NULL,NULL,NULL),(4444,'ESP0230','9311755200586','ESP - OLD STYLE GINGER BEER # 24 x 275 Ml','ESP - OLD STYLE GINGER BEER ',NULL,'',15,5,0,0,0,NULL,'','2023-01-18 16:27:23',NULL,NULL,NULL,NULL),(4445,'FAM9710','38000614','FA - Plastic Bag # 1 x 1 pcs','FA - Plastic Bag ',NULL,'',15,5,0,0,0,NULL,'','2023-01-18 16:27:23',NULL,NULL,NULL,NULL),(4446,'FAM9760','2008311300237','FA - Thermal Roll Paper # 1 x 1 pcs','FA - Thermal Roll Paper ',NULL,'',15,5,0,0,0,NULL,'','2023-01-18 16:27:23',NULL,NULL,NULL,NULL),(4447,'FAM9800','38006678','FA - Fa Hand glove 1 Pck # 1 x 1 Pck','FA - Fa Hand glove 1 Pck ',NULL,'',15,5,0,0,0,NULL,'','2023-01-18 16:27:23',NULL,NULL,NULL,NULL),(4448,'FAM9830','38006685','FA - Fa Plastik Opp 1 Pck # 1 x 1 Pck','FA - Fa Plastik Opp 1 Pck ',NULL,'',15,5,0,0,0,NULL,'','2023-01-18 16:27:23',NULL,NULL,NULL,NULL),(4449,'FAM9860','38006692','FA - Fa Solatip/Nachi Tape 1 Pc # 1 x 1 Pc','FA - Fa Solatip/Nachi Tape 1 Pc ',NULL,'',15,5,0,0,0,NULL,'','2023-01-18 16:27:23',NULL,NULL,NULL,NULL),(4450,'FAM9900','38008603','FA - Pack Christmas Box Large 1 Pcs # 1 x 1 Pcs','FA - Pack Christmas Box Large 1 Pcs ',NULL,'',15,5,186700,186700,168198,NULL,'','2023-01-18 16:27:23',NULL,NULL,NULL,NULL),(4451,'FAM9910','38008597','FA - Pack Christmas Box Medium 1 Pcs # 1 x 1 Pcs','FA - Pack Christmas Box Medium 1 Pcs ',NULL,'',15,5,181700,181700,163694,NULL,'','2023-01-18 16:27:23',NULL,NULL,NULL,NULL),(4452,'FAM9920','38008580','FA - Christmas Box Small 1 Pcs # 1 x 1 Pcs','FA - Christmas Box Small 1 Pcs ',NULL,'',15,5,141300,141300,127297,NULL,'','2023-01-18 16:27:23',NULL,NULL,NULL,NULL),(4453,'GAL0150','8001420003383','GAL - Base Mushroom # 5x1kg','GAL - Base Mushroom ',NULL,'',15,5,0,0,0,NULL,'','2023-01-18 16:27:23',NULL,NULL,NULL,NULL),(4454,'GOL0100','7610403072547','GOLD - Amarula #10(1x100g) # 10 x 1 x 100 g','GOLD - Amarula ',NULL,'',15,5,120080,120080,108180,NULL,'','2023-01-18 16:27:23',NULL,NULL,NULL,NULL),(4455,'GOL0110','7610403072103','GOLD - Cointreau #10(1x100g) # 10 x 1 x 100 g','GOLD - Cointreau ',NULL,'',15,5,120080,120080,108180,NULL,'','2023-01-18 16:27:23',NULL,NULL,NULL,NULL),(4456,'GOL0120','7610403072561','GOLD - Jackdaniels Tennessee Honey 100g # 10 x1x100 g','GOLD - Jackdaniels Tennessee Honey 100g ',NULL,'',15,5,120080,120080,108180,NULL,'','2023-01-18 16:27:23',NULL,NULL,NULL,NULL),(4457,'GOL0130','7610403072509','GOLD - Jackdaniels Tennessee Whiskey 100 # 10 x 1x 100 g','GOLD - Jackdaniels Tennessee Whiskey 100 ',NULL,'',15,5,120080,120080,108180,NULL,'','2023-01-18 16:27:23',NULL,NULL,NULL,NULL),(4458,'GOL0140','7610403072707','GOLD - Remy Martin #10(1x100g) # 10 x 1 x 100 g','GOLD - Remy Martin ',NULL,'',15,5,120080,120080,108180,NULL,'','2023-01-18 16:27:23',NULL,NULL,NULL,NULL),(4459,'GOL0150','7610403072523','GOLD - The Famous gouse #10(1x100g) # 10 x 1 x 100 g','GOLD - The Famous gouse ',NULL,'',15,5,120080,120080,108180,NULL,'','2023-01-18 16:27:23',NULL,NULL,NULL,NULL),(4460,'HOR0120','8886467076145','HOR - Cereal 3 in 1 320g # 24x320g','HOR - Cereal 3 in 1 320g ',NULL,'',15,5,0,0,0,NULL,'','2023-01-18 16:27:23',NULL,NULL,NULL,NULL),(4461,'JLB0100','745092012295','JLB - Jelly Bean Sachet 50 g # 24 x 50 g','JLB - Jelly Bean Sachet 50 g ',NULL,'',15,5,20690,20690,18639.6,NULL,'','2023-01-18 16:27:23',NULL,NULL,NULL,NULL),(4462,'JLB0110','745092006942','JLB - Jelly Bean 36Flavours 75gr # 9x16x75gr','JLB - Jelly Bean 36Flavours 75gr ',NULL,'',15,5,30170,30170,27180.2,NULL,'','2023-01-18 16:27:23',NULL,NULL,NULL,NULL),(4463,'JLB0120','745092014428','JLB - Jelly Bean Pop A Bean 100gr # 12 x 100gr','JLB - Jelly Bean Pop A Bean 100gr ',NULL,'',15,5,81740,81740,73639.6,NULL,'','2023-01-18 16:27:23',NULL,NULL,NULL,NULL),(4464,'JLB0130','745092006058','JLB - Jelly Bean 36 Flavours # 4 x 24 x 100gr','JLB - Jelly Bean 36 Flavours ',NULL,'',15,5,45810,45810,41270.3,NULL,'','2023-01-18 16:27:23',NULL,NULL,NULL,NULL),(4465,'JLB0140','745092010932','JLB - Jelly Bean Pouch Bag 113gr # 12 x 113gr','JLB - Jelly Bean Pouch Bag 113gr ',NULL,'',15,5,50560,50560,45549.6,NULL,'','2023-01-18 16:27:23',NULL,NULL,NULL,NULL),(4466,'JLB0150','745092000933','JLB - Jelly Bean Cup # 12 x 200 gr','JLB - Jelly Bean Cup ',NULL,'',15,5,69630,69630,62729.7,NULL,'','2023-01-18 16:27:23',NULL,NULL,NULL,NULL),(4467,'JLB0160','8713800139307','JLB - Jelly Bean Tube 90g # 24 x 90g','JLB - Jelly Bean Tube 90g ',NULL,'',15,5,50000,50000,45045,NULL,'','2023-01-18 16:27:23',NULL,NULL,NULL,NULL),(4468,'JLB0170','8713800139208','JLB - Jelly Bean Pouch 70g # 20 x 70g','JLB - Jelly Bean Pouch 70g ',NULL,'',15,5,28500,28500,25675.7,NULL,'','2023-01-18 16:27:23',NULL,NULL,NULL,NULL),(4469,'LAK0100','8013399168338','LAKE - Fruity Drops Honey Lemon #  ( 12 x 16 ) x 40g','LAKE - Fruity Drops Honey Lemon ',NULL,'',15,5,20990,20990,18909.9,NULL,'','2023-01-18 16:27:23',NULL,NULL,NULL,NULL),(4470,'LAK0110','8013399168345','LAKE - Fruity Drops Honey Strawberry # ( 12 x 16 ) x 40g','LAKE - Fruity Drops Honey Strawberry ',NULL,'',15,5,20990,20990,18909.9,NULL,'','2023-01-18 16:27:23',NULL,NULL,NULL,NULL),(4471,'LAK0120','8013399168222','LAKE - Fruity Drops Honey Yuzu # ( 12 x 16 ) x 40g','LAKE - Fruity Drops Honey Yuzu ',NULL,'',15,5,20990,20990,18909.9,NULL,'','2023-01-18 16:27:23',NULL,NULL,NULL,NULL),(4472,'LAK0130','8013399168291','LAKE - Fruity Drops Honey Lemon Tea #  ( 12 x 16 ) x 40g','LAKE - Fruity Drops Honey Lemon Tea ',NULL,'',15,5,20990,20990,18909.9,NULL,'','2023-01-18 16:27:23',NULL,NULL,NULL,NULL),(4473,'LDT0100','7610400010108','LDT - Surfin 100gr # (12x12)x100 gr','LDT - Surfin 100gr ',NULL,'',15,5,53990,53990,48639.6,NULL,'','2023-01-18 16:27:23',NULL,NULL,NULL,NULL),(4474,'LDT0110','7610400014571','LDT - White Chocolate 100gr # (12x12)x100 gr','LDT - White Chocolate 100gr ',NULL,'',15,5,53990,53990,48639.6,NULL,'','2023-01-18 16:27:23',NULL,NULL,NULL,NULL),(4475,'LDT0120','7610400010016','LDT - Milk 100gr # (12x12)x100 gr','LDT - Milk 100gr ',NULL,'',15,5,53990,53990,48639.6,NULL,'','2023-01-18 16:27:23',NULL,NULL,NULL,NULL),(4476,'LDT0130','7610400010023','LDT - Milk Hazelnut 100gr # (12x12)x100 gr','LDT - Milk Hazelnut 100gr ',NULL,'',15,5,60550,60550,54549.6,NULL,'','2023-01-18 16:27:23',NULL,NULL,NULL,NULL),(4477,'LDT0140','7610400014038','LDT - Milk Whole Almonds 100gr # (12x12)x100 gr','LDT - Milk Whole Almonds 100gr ',NULL,'',15,5,60550,60550,54549.6,NULL,'','2023-01-18 16:27:23',NULL,NULL,NULL,NULL),(4478,'LDT0150','7610400010368','LDT - Milk Raisin Nut 100gr # (12x12)x100 gr','LDT - Milk Raisin Nut 100gr ',NULL,'',15,5,60550,60550,54549.6,NULL,'','2023-01-18 16:27:23',NULL,NULL,NULL,NULL),(4479,'LDT0400','3046920028721','LDT - Excellence Dark Cocoa 99% # 6 x 18 x 50 g','LDT - Excellence Dark Cocoa 99% ',NULL,'',15,5,75180,75180,67729.7,NULL,'','2023-01-18 16:27:23',NULL,NULL,NULL,NULL),(4480,'LDT0410','3046920029759','LDT - Excellence 90% Cacao 100 gr # 6x20x100 gr','LDT - Excellence 90% Cacao 100 gr ',NULL,'',15,5,72650,72650,65450.4,NULL,'','2023-01-18 16:27:23',NULL,NULL,NULL,NULL),(4481,'LDT0420','3046920028363','LDT - Excellence Dark 85 # 6 x 20 x 100 g','LDT - Excellence Dark 85 ',NULL,'',15,5,72650,72650,65450.4,NULL,'','2023-01-18 16:27:23',NULL,NULL,NULL,NULL),(4482,'LDT0430','3046920010047','LDT - Excellence Dark Cocoa 78% 100g # 6 x 20 x 100g','LDT - Excellence Dark Cocoa 78% 100g ',NULL,'',15,5,72650,72650,65450.4,NULL,'','2023-01-18 16:27:23',NULL,NULL,NULL,NULL),(4483,'LDT0440','3046920028004','LDT - Excellence Dark Cocoa 70% # 6 x 20 x 100 g','LDT - Excellence Dark Cocoa 70% ',NULL,'',15,5,72650,72650,65450.4,NULL,'','2023-01-18 16:27:23',NULL,NULL,NULL,NULL),(4484,'LDT0450','3046920028370','LDT - Excellence Orange 100g # 6 x 20 x 100 g','LDT - Excellence Orange 100g ',NULL,'',15,5,72650,72650,65450.4,NULL,'','2023-01-18 16:27:23',NULL,NULL,NULL,NULL),(4485,'LDT0460','7610400010481','LDT - Excellence Extra Creamy # 6 x 20 x100 g','LDT - Excellence Extra Creamy ',NULL,'',15,5,72650,72650,65450.4,NULL,'','2023-01-18 16:27:23',NULL,NULL,NULL,NULL),(4486,'LDT0470','3046920028752','LDT - Exellence Mint Intense # 6 x 20 x 100 g','LDT - Exellence Mint Intense ',NULL,'',15,5,72650,72650,65450.4,NULL,'','2023-01-18 16:27:23',NULL,NULL,NULL,NULL),(4487,'LDT0480','3046920029674','LDT - Excel  Sea Salt 100 g # 6 x 20 x 100 g','LDT - Excel  Sea Salt 100 g ',NULL,'',15,5,72650,72650,65450.4,NULL,'','2023-01-18 16:27:23',NULL,NULL,NULL,NULL),(4488,'LDT0491','3046920028585','LDT - Excellence Dark 70% 35g # 2 x 24 x 35g','LDT - Excellence Dark 70% 35g ',NULL,'',15,5,24220,24220,21819.8,NULL,'','2023-01-18 16:27:23',NULL,NULL,NULL,NULL),(4489,'LDT04A1','3046920011600','LDT - Excellence Milk 35 g # 2 x 24 x 35 g','LDT - Excellence Milk 35 g ',NULL,'',15,5,24220,24220,21819.8,NULL,'','2023-01-18 16:27:23',NULL,NULL,NULL,NULL),(4490,'LDT04B0','3046920029582','LDT - Excellence Dark 85% 35g # 2 x 24 x 35g','LDT - Excellence Dark 85% 35g ',NULL,'',15,5,24220,24220,21819.8,NULL,'','2023-01-18 16:27:23',NULL,NULL,NULL,NULL),(4491,'LDT0622','7610400087346','LDT - Les Grandes Noisettes Caramel # 6 x 13 x 150g','LDT - Les Grandes Noisettes Caramel ',NULL,'',15,5,92920,92920,83711.7,NULL,'','2023-01-18 16:27:23',NULL,NULL,NULL,NULL),(4492,'LDT0631','7610400085946','LDT - Les Grandes Amandes-Fleur De Sel # 15 x 150g','LDT - Les Grandes Amandes-Fleur De Sel ',NULL,'',15,5,92920,92920,83711.7,NULL,'','2023-01-18 16:27:23',NULL,NULL,NULL,NULL),(4493,'LDT0700','7610400029841','LDT - Dark Thins 125 g # (1x9)x125 g','LDT - Dark Thins 125 g ',NULL,'',15,5,136730,136730,123180,NULL,'','2023-01-18 16:27:23',NULL,NULL,NULL,NULL),(4494,'LDT0710','7610400029810','LDT - Milk Thins 125g # (1x9)x125 g','LDT - Milk Thins 125g ',NULL,'',15,5,136730,136730,123180,NULL,'','2023-01-18 16:27:23',NULL,NULL,NULL,NULL),(4495,'LDT0800','7610400071925','LDT - Lindor Trio Extra Dark 60% # 24 X 37 g','LDT - Lindor Trio Extra Dark 60% ',NULL,'',15,5,22100,22100,19909.9,NULL,'','2023-01-18 16:27:23',NULL,NULL,NULL,NULL),(4496,'LDT0820','7610400069502','LDT - Lindor Trio Assorted 37g # 24 x 37g','LDT - Lindor Trio Assorted 37g ',NULL,'',15,5,22100,22100,19909.9,NULL,'','2023-01-18 16:27:23',NULL,NULL,NULL,NULL),(4497,'LDT0830','4894475100190','LDT - Lindor Trio Strawberry 37g # 24 x 37g','LDT - Lindor Trio Strawberry 37g ',NULL,'',15,5,22100,22100,19909.9,NULL,'','2023-01-18 16:27:23',NULL,NULL,NULL,NULL),(4498,'LDT0840','4894475100497','LDT - Lindor Trio Matcha 37g # 24 x 37g','LDT - Lindor Trio Matcha 37g ',NULL,'',15,5,22100,22100,19909.9,NULL,'','2023-01-18 16:27:23',NULL,NULL,NULL,NULL),(4499,'LDT0900','7610400074155','LDT - Lindor Single 60%Dark 100g # (12x12)x100 g','LDT - Lindor Single 60%Dark 100g ',NULL,'',15,5,70640,70640,63639.6,NULL,'','2023-01-18 16:27:23',NULL,NULL,NULL,NULL),(4500,'LDT0910','7610400068369','LDT - Lindor Single Hazelnut100g # (12x12)x100 g','LDT - Lindor Single Hazelnut100g ',NULL,'',15,5,70640,70640,63639.6,NULL,'','2023-01-18 16:27:23',NULL,NULL,NULL,NULL),(4501,'LDT0920','7610400014649','LDT - Lindor Single Milk 100g # (12x12)x100 g','LDT - Lindor Single Milk 100g ',NULL,'',15,5,70640,70640,63639.6,NULL,'','2023-01-18 16:27:23',NULL,NULL,NULL,NULL),(4502,'LDT0930','7610400014632','LDT - Lindor Single White 100g # (12x12)x100 g','LDT - Lindor Single White 100g ',NULL,'',15,5,70640,70640,63639.6,NULL,'','2023-01-18 16:27:23',NULL,NULL,NULL,NULL),(4503,'LDT1000','8003340091280','LDT - Lindor Extra Dark 60%Cocoa # 4 X 8 X 200g','LDT - Lindor Extra Dark 60%Cocoa ',NULL,'',15,5,155400,155400,140000,NULL,'','2023-01-18 16:27:23',NULL,NULL,NULL,NULL),(4504,'LDT1010','7610400068505','LDT - Lindor Cornet Milk # 4 x 8 x 200 g','LDT - Lindor Cornet Milk ',NULL,'',15,5,155400,155400,140000,NULL,'','2023-01-18 16:27:23',NULL,NULL,NULL,NULL),(4505,'LDT1020','7610400068529','LDT - Lindor Cornet Assorted # 4 x 8 x 200 g','LDT - Lindor Cornet Assorted ',NULL,'',15,5,155400,155400,140000,NULL,'','2023-01-18 16:27:23',NULL,NULL,NULL,NULL),(4506,'LDT1040','8003340097619','LDT - Lindor Cornet Strawberry 200g # 8 x 200g','LDT - Lindor Cornet Strawberry 200g ',NULL,'',15,5,155400,155400,140000,NULL,'','2023-01-18 16:27:23',NULL,NULL,NULL,NULL),(4507,'LDT1100','7610400983082','LDT - Lindor Extra Dark 60% gift # 1 x 10 x 168 g','LDT - Lindor Extra Dark 60% gift ',NULL,'',15,5,165490,165490,149090,NULL,'','2023-01-18 16:27:23',NULL,NULL,NULL,NULL),(4508,'LDT1101','7610400987318','LDT - Lindor Ass Gift Box 168g # 1 x 10 x 168 g','LDT - Lindor Ass Gift Box 168g ',NULL,'',15,5,165490,165490,149090,NULL,'','2023-01-18 16:27:23',NULL,NULL,NULL,NULL),(4509,'LDT1110','7610400060950','LDT - Lindor Milk Gift Box 168g # 1 x 10 x 168 g','LDT - Lindor Milk Gift Box 168g ',NULL,'',15,5,165490,165490,149090,NULL,'','2023-01-18 16:27:23',NULL,NULL,NULL,NULL),(4510,'LDT1150','4894475100343','LDT - Lindor gift Box Straw&Cream 144g # 12 x 144 g','LDT - Lindor gift Box Straw&Cream 144g ',NULL,'',15,5,165490,165490,149090,NULL,'','2023-01-18 16:27:23',NULL,NULL,NULL,NULL),(4511,'LDT8070','4894475100022','LDT - 3D Star Tin 37 g # 10 x 37 g','LDT - 3D Star Tin 37 g ',NULL,'',15,5,79900,79900,71982,NULL,'','2023-01-18 16:27:23',NULL,NULL,NULL,NULL),(4512,'LDT8080','4894475100015','LDT - 3D Tree Tin 37 g # 10 x 37 g','LDT - 3D Tree Tin 37 g ',NULL,'',15,5,79900,79900,71982,NULL,'','2023-01-18 16:27:23',NULL,NULL,NULL,NULL),(4513,'Ldt8090','4894475100053','LDT - Lindor Mini 3D Heart Tin # 10 x 37 g','LDT - Lindor Mini 3D Heart Tin ',NULL,'',15,5,69630,69630,62729.7,NULL,'','2023-01-18 16:27:23',NULL,NULL,NULL,NULL),(4514,'LDT80A0','7610400099967','LDT - Lindor Mini Box # 24 x 37 g','LDT - Lindor Mini Box ',NULL,'',15,5,22100,22100,19909.9,NULL,'','2023-01-18 16:27:23',NULL,NULL,NULL,NULL),(4515,'LDT80B0','4894475100435','LDT - Lindor Straw & Cream Mini Heart Tin # 12 x 37 g','LDT - Lindor Straw & Cream Mini Heart Tin ',NULL,'',15,5,69630,69630,62729.7,NULL,'','2023-01-18 16:27:23',NULL,NULL,NULL,NULL),(4516,'LDT80G1','4894475100176','LDT - Lindor Crystal Pink Heart Tin 96g # 10 x 96 g','LDT - Lindor Crystal Pink Heart Tin 96g ',NULL,'',15,5,160450,160450,144550,NULL,'','2023-01-18 16:27:23',NULL,NULL,NULL,NULL),(4517,'LDT80H0','4894475100138','LDT - Blue Mini Milk Can 96 g # 10 x 96 g','LDT - Blue Mini Milk Can 96 g ',NULL,'',15,5,115000,115000,103604,NULL,'','2023-01-18 16:27:23',NULL,NULL,NULL,NULL),(4518,'LDT80I0','7610400987172','LDT - Lindor Crystal Heart Tin 96 g # 10 x 96 g','LDT - Lindor Crystal Heart Tin 96 g ',NULL,'',15,5,160450,160450,144550,NULL,'','2023-01-18 16:27:23',NULL,NULL,NULL,NULL),(4519,'LDT80K0','7610400075770','LDT - Grand Dark Hazelnut 150 g # 6 x 13 x 150 g','LDT - Grand Dark Hazelnut 150 g ',NULL,'',15,5,92920,92920,83711.7,NULL,'','2023-01-18 16:27:23',NULL,NULL,NULL,NULL),(4520,'LDT80L0','7610400075787','LDT - Grand Milk Hazelnut 150 g # 6 x 13 x 150 g','LDT - Grand Milk Hazelnut 150 g ',NULL,'',15,5,92920,92920,83711.7,NULL,'','2023-01-18 16:27:23',NULL,NULL,NULL,NULL),(4521,'LDT9010','2009380400002','LDT - Lindor Dark Bulk # 1 X 1 Kg','LDT - Lindor Dark Bulk ',NULL,'',15,5,83250,83250,75000,NULL,'','2023-01-18 16:27:23',NULL,NULL,NULL,NULL),(4522,'LDT9020','38004131','LDT - Lindor Hazelnut Bulk 1Kg # 1 X 1 Kg','LDT - Lindor Hazelnut Bulk 1Kg ',NULL,'',15,5,83250,83250,75000,NULL,'','2023-01-18 16:27:23',NULL,NULL,NULL,NULL),(4523,'LDT9030','8000000900005','LDT - Lindor Milk Bulk # 1 X 1 Kg','LDT - Lindor Milk Bulk ',NULL,'',15,5,83250,83250,75000,NULL,'','2023-01-18 16:27:23',NULL,NULL,NULL,NULL),(4524,'LDT9041','38010828','LDT - Lindor Teddy Tin 8\'s #10x96 gr','LDT - Lindor Teddy Tin 8\'s ',NULL,'',15,5,96000,96000,86486.5,NULL,'','2023-01-18 16:27:23',NULL,NULL,NULL,NULL),(4525,'LIP0120','8999999573409','LIP - Delight 24gr # 24 x (15x1.6gr)','LIP - Delight 24gr ',NULL,'',15,5,0,0,0,NULL,'','2023-01-18 16:27:23',NULL,NULL,NULL,NULL),(4526,'MAN0100','048176990091','MANT -  SPRAY EXTRA VIRGIN OIL # 6(1x250ml)','MANT -  SPRAY EXTRA VIRGIN OIL ',NULL,'',15,5,0,0,0,NULL,'','2023-01-18 16:27:23',NULL,NULL,NULL,NULL),(4527,'MCV0100','8906033742455','MCV - Digestive Zero 75g # 120x75g','MCV - Digestive Zero 75g ',NULL,'',15,5,15800,15800,14234.2,NULL,'','2023-01-18 16:27:23',NULL,NULL,NULL,NULL),(4528,'MCV0110','8906033740208','MCV - Butter Cookies 60g # 144x60g','MCV - Butter Cookies 60g ',NULL,'',15,5,8900,8900,8018.02,NULL,'','2023-01-18 16:27:23',NULL,NULL,NULL,NULL),(4529,'MCV0120','8906033741595','MCV - Marie Wholewheat 100g # 96x100g','MCV - Marie Wholewheat 100g ',NULL,'',15,5,14500,14500,13063.1,NULL,'','2023-01-18 16:27:23',NULL,NULL,NULL,NULL),(4530,'MCV0130','8906033740758','MCV - Digestive 100g # 96x100g','MCV - Digestive 100g ',NULL,'',15,5,15800,15800,14234.2,NULL,'','2023-01-18 16:27:23',NULL,NULL,NULL,NULL),(4531,'MCV0140','8906033740963','MCV - Bourbon 100g #  96x100g','MCV - Bourbon 100g ',NULL,'',15,5,15800,15800,14234.2,NULL,'','2023-01-18 16:27:23',NULL,NULL,NULL,NULL),(4532,'MCV0230','5000396037548','MCV - Digestive Dark Choco UK # 24x200','MCV - Digestive Dark Choco UK ',NULL,'',15,5,49000,49000,44144.1,NULL,'','2023-01-18 16:27:23',NULL,NULL,NULL,NULL),(4533,'MCV0240','5000396037531','MCV - Digestive Milk Choco UK # 24x200','MCV - Digestive Milk Choco UK ',NULL,'',15,5,49000,49000,44144.1,NULL,'','2023-01-18 16:27:23',NULL,NULL,NULL,NULL),(4534,'MCV0260','5000396033311','MCV - HobNobs Oat Crunch # 10x300','MCV - HobNobs Oat Crunch ',NULL,'',15,5,69000,69000,62162.2,NULL,'','2023-01-18 16:27:23',NULL,NULL,NULL,NULL),(4535,'MCV0270','5000396022315','MCV - HobNobs Milk Choco Oat # 24x300','MCV - HobNobs Milk Choco Oat ',NULL,'',15,5,69000,69000,62162.2,NULL,'','2023-01-18 16:27:23',NULL,NULL,NULL,NULL),(4536,'NAT0140','016000295704','NATY - Apple Crisp 253 g # 12 x 253 g','NATY - Apple Crisp 253 g ',NULL,'',15,5,0,0,0,NULL,'','2023-01-18 16:27:23',NULL,NULL,NULL,NULL),(4537,'OEP0100','8410076481597','OEP - Tortilla Chips Original  # 10X185G','OEP - Tortilla Chips Original  ',NULL,'',15,5,0,0,0,NULL,'','2023-01-18 16:27:23',NULL,NULL,NULL,NULL),(4538,'OEP0110','8410076481764','OEP - Tortilla Chips Chili # 10X185G','OEP - Tortilla Chips Chili ',NULL,'',15,5,55000,55000,49549.6,NULL,'','2023-01-18 16:27:23',NULL,NULL,NULL,NULL),(4539,'OEP0120','8410076482556','OEP - Tortila Chips Paprika # 10X185G','OEP - Tortila Chips Paprika ',NULL,'',15,5,55000,55000,49549.6,NULL,'','2023-01-18 16:27:23',NULL,NULL,NULL,NULL),(4540,'OEP0130','8410076481757','OEP - Tortilla Chips Fajita # 10X185G','OEP - Tortilla Chips Fajita ',NULL,'',15,5,55000,55000,49549.6,NULL,'','2023-01-18 16:27:23',NULL,NULL,NULL,NULL),(4541,'OVM0100','7612100027158','OVM - Crunchy Cream 380g # 12 x 380g','OVM - Crunchy Cream 380g ',NULL,'',15,5,86280,86280,77729.7,NULL,'','2023-01-18 16:27:23',NULL,NULL,NULL,NULL),(4542,'OVM0110','7612100030677','OVM - Crunchy Cream 680g # 6 x 680g','OVM - Crunchy Cream 680g ',NULL,'',15,5,149350,149350,134550,NULL,'','2023-01-18 16:27:23',NULL,NULL,NULL,NULL),(4543,'STD0120','084380957741','STD - Raspberry 284g # 12 x 284g','STD - Raspberry 284g ',NULL,'',15,5,0,0,0,NULL,'','2023-01-18 16:27:23',NULL,NULL,NULL,NULL),(4544,'STK0100','4014400400007','STK - Toffiffee 125g # 15 x 125 g','STK - Toffiffee 125g ',NULL,'',15,5,48940,48940,44090.1,NULL,'','2023-01-18 16:27:23',NULL,NULL,NULL,NULL),(4545,'STK0110','4014400900804','STK - Mint Chocs 200g # 15 x 200g','STK - Mint Chocs 200g ',NULL,'',15,5,46320,46320,41729.7,NULL,'','2023-01-18 16:27:23',NULL,NULL,NULL,NULL),(4546,'STK0120','40144078','STK - Knoppers 75g # 24 x 75g','STK - Knoppers 75g ',NULL,'',15,5,31790,31790,28639.6,NULL,'','2023-01-18 16:27:23',NULL,NULL,NULL,NULL),(4547,'STK0130','40144061','STK - Knoppers 25g # 6 x 24 x 25g','STK - Knoppers 25g ',NULL,'',15,5,11100,11100,10000,NULL,'','2023-01-18 16:27:23',NULL,NULL,NULL,NULL),(4548,'STK0140','4014400901191','STK - Mercy Grosse Vielfalt (Red) 250gr # 3 x 10 x 250gr','STK - Mercy Grosse Vielfalt (Red) 250gr ',NULL,'',15,5,125130,125130,112730,NULL,'','2023-01-18 16:27:23',NULL,NULL,NULL,NULL),(4549,'STK0141','4014400900217','STK - Mercy Grosse Vielfalt (red) 400 gr # 8 x 400 gr','STK - Mercy Grosse Vielfalt (red) 400 gr ',NULL,'',15,5,0,0,0,NULL,'','2023-01-18 16:27:23',NULL,NULL,NULL,NULL),(4550,'STK0150','4014400901405','STK - Mercy Helle Viefalt (Blue) 250gr # 3 x 10 x 250gr','STK - Mercy Helle Viefalt (Blue) 250gr ',NULL,'',15,5,125130,125130,112730,NULL,'','2023-01-18 16:27:23',NULL,NULL,NULL,NULL),(4551,'STK0160','4014400925395','STK - Merci Petits Collection 125g # 12 x 125g','STK - Merci Petits Collection 125g ',NULL,'',15,5,71140,71140,64090.1,NULL,'','2023-01-18 16:27:23',NULL,NULL,NULL,NULL),(4552,'STK0170','40144924','STK - Riesen 45g # 4 x 24 x 45g','STK - Riesen 45g ',NULL,'',15,5,13620,13620,12270.3,NULL,'','2023-01-18 16:27:23',NULL,NULL,NULL,NULL),(4553,'STK0190','4014400902495','STK - Riesen 150g # 15 x 150g','STK - Riesen 150g ',NULL,'',15,5,46320,46320,41729.7,NULL,'','2023-01-18 16:27:23',NULL,NULL,NULL,NULL),(4554,'STK0200','40144016','STK - Werthers Echte Original 50g # 6 x 24 x 50g','STK - Werthers Echte Original 50g ',NULL,'',15,5,12610,12610,11360.4,NULL,'','2023-01-18 16:27:23',NULL,NULL,NULL,NULL),(4555,'STK0210','4014400918083','STK - Werthers Echte Original 90g # 12 x 90g','STK - Werthers Echte Original 90g ',NULL,'',15,5,24720,24720,22270.3,NULL,'','2023-01-18 16:27:23',NULL,NULL,NULL,NULL),(4556,'STK0220','4014400918113','STK - Werthers Original Toffee 80g # 12 x 80g','STK - Werthers Original Toffee 80g ',NULL,'',15,5,24720,24720,22270.3,NULL,'','2023-01-18 16:27:23',NULL,NULL,NULL,NULL),(4557,'STK0230','4014400918205','STK - Werthers Original Caramel Chew 48g # 6 x 24 x 48g','STK - Werthers Original Caramel Chew 48g ',NULL,'',15,5,12610,12610,11360.4,NULL,'','2023-01-18 16:27:23',NULL,NULL,NULL,NULL),(4558,'STK0240','4014400918106','STK - Werthers Original Creamy Filling80g # 12 x 80g','STK - Werthers Original Creamy Filling80g ',NULL,'',15,5,24720,24720,22270.3,NULL,'','2023-01-18 16:27:23',NULL,NULL,NULL,NULL),(4559,'STR0101','38006821','STR - Lady Bird Bag 42g # 12 x 42g','STR - Lady Bird Bag 42g ',NULL,'',15,5,37840,37840,34090.1,NULL,'','2023-01-18 16:27:23',NULL,NULL,NULL,NULL),(4560,'STR0111','38006845','STR - Sea Life Bag 43g # 12 x 43g','STR - Sea Life Bag 43g ',NULL,'',15,5,37840,37840,34090.1,NULL,'','2023-01-18 16:27:23',NULL,NULL,NULL,NULL),(4561,'STR0121','38006852','STR - Farm Life Bag 55g # 12 x 55g','STR - Farm Life Bag 55g ',NULL,'',15,5,37840,37840,34090.1,NULL,'','2023-01-18 16:27:23',NULL,NULL,NULL,NULL),(4562,'STR0131','38006838','STR - Wild Life Bag # 12 x 58g','STR - Wild Life Bag ',NULL,'',15,5,37840,37840,34090.1,NULL,'','2023-01-18 16:27:23',NULL,NULL,NULL,NULL),(4563,'STR0140','4003006010260','STR - Bee Bag  37.5 g # 6 x 36 x 37.5 g','STR - Bee Bag  37.5 g ',NULL,'',15,5,37840,37840,34090.1,NULL,'','2023-01-18 16:27:23',NULL,NULL,NULL,NULL),(4564,'STR0150','4003006030749','STR - Sheep Bag  50 g # 6 x 36 x 50 g','STR - Sheep Bag  50 g ',NULL,'',15,5,37840,37840,34090.1,NULL,'','2023-01-18 16:27:23',NULL,NULL,NULL,NULL),(4565,'STR0161','4003006130548','STR - Lady Birds Tub 100 g # 6 x 24 x 100 g','STR - Lady Birds Tub 100 g ',NULL,'',15,5,81740,81740,73639.6,NULL,'','2023-01-18 16:27:23',NULL,NULL,NULL,NULL),(4566,'STR0171','4003006141032','STR - Soccer Player Tub  # 6 x 24 x 75 g','STR - Soccer Player Tub  ',NULL,'',15,5,81809,81809,73701.8,NULL,'','2023-01-18 16:27:23',NULL,NULL,NULL,NULL),(4567,'STR0180','4003006129245','STR - Big Box Farm 300 g # 8 x 300 g','STR - Big Box Farm 300 g ',NULL,'',15,5,200810,200810,180910,NULL,'','2023-01-18 16:27:23',NULL,NULL,NULL,NULL),(4568,'STR0190','4003006118249','STR - Big Box Wildlife 300 g # 8 x 300 g','STR - Big Box Wildlife 300 g ',NULL,'',15,5,200810,200810,180910,NULL,'','2023-01-18 16:27:23',NULL,NULL,NULL,NULL),(4569,'STR01A0','4003006152243','STR - Big Box Sealife 300 g # 8 x 300 g','STR - Big Box Sealife 300 g ',NULL,'',15,5,200810,200810,180910,NULL,'','2023-01-18 16:27:23',NULL,NULL,NULL,NULL),(4570,'TWN0100','070177010799','TWN - Darjeeling Tea 50 g # 12 x ( 25 x 2 g)','TWN - Darjeeling Tea 50 g ',NULL,'',15,5,78780,78780,70973,NULL,'','2023-01-18 16:27:23',NULL,NULL,NULL,NULL),(4571,'TWN0110','070177010775','TWN - English Breakfast Tea 50 g # 12 x (25 x 2 g)','TWN - English Breakfast Tea 50 g ',NULL,'',15,5,78780,78780,70973,NULL,'','2023-01-18 16:27:23',NULL,NULL,NULL,NULL),(4572,'TWN0210','070177173173','TWN - Green Tea Earl Grey 40 g # 12 x (25 x 1.6 g)','TWN - Green Tea Earl Grey 40 g ',NULL,'',15,5,78780,78780,70973,NULL,'','2023-01-18 16:27:23',NULL,NULL,NULL,NULL),(4573,'TWN0220','070177077198','TWN - Lady Grey Tea 50 g # 12 x (25 x 2 g)','TWN - Lady Grey Tea 50 g ',NULL,'',15,5,78780,78780,70973,NULL,'','2023-01-18 16:27:23',NULL,NULL,NULL,NULL),(4574,'TWN0230','070177051174','TWN - TWN - Earl Grey Decaf Tea 50 g # 12 x (25x2 g)','TWN - TWN - Earl Grey Decaf Tea 50 g ',NULL,'',15,5,78000,78000,70270.3,NULL,'','2023-01-18 16:27:23',NULL,NULL,NULL,NULL),(4575,'TWN0260','070177055639','TWN - Peach Tea 50 g # 12 x (25x2 g)','TWN - Peach Tea 50 g ',NULL,'',15,5,78780,78780,70973,NULL,'','2023-01-18 16:27:23',NULL,NULL,NULL,NULL),(4576,'TWN0300','070177086664','TWN - Pure  Green Tea 50 g # 12 x (25x2 g)','TWN - Pure  Green Tea 50 g ',NULL,'',15,5,78780,78780,70973,NULL,'','2023-01-18 16:27:23',NULL,NULL,NULL,NULL),(4577,'TWN0310','070177173166','TWN - Green Tea Jasmine 45 g # 12 x (25x1.8 g)','TWN - Green Tea Jasmine 45 g ',NULL,'',15,5,78780,78780,70973,NULL,'','2023-01-18 16:27:23',NULL,NULL,NULL,NULL),(4578,'TWN0340','070177229986','TWN - Green Tea Collection 34 g # 8 x (25x1.7 g)','TWN - Green Tea Collection 34 g ',NULL,'',15,5,89000,89000,80180.2,NULL,'','2023-01-18 16:27:23',NULL,NULL,NULL,NULL),(4579,'TWN0400','070177118525','TWN - Pure Peppermint 50 g # 12 x (25x2 g)','TWN - Pure Peppermint 50 g ',NULL,'',15,5,78780,78780,70973,NULL,'','2023-01-18 16:27:23',NULL,NULL,NULL,NULL),(4580,'TWN0430','070177118495','TWN - Strawberry & Mango 50gr # 12 x (25x2gr)','TWN - Strawberry & Mango 50gr ',NULL,'',15,5,0,0,0,NULL,'','2023-01-18 16:27:23',NULL,NULL,NULL,NULL),(4581,'TWN0500','070177029623','TWN - Black Tea Earl  Grey Tin 100 g # 6 x 100 g','TWN - Black Tea Earl  Grey Tin 100 g ',NULL,'',15,5,120189,120189,108278,NULL,'','2023-01-18 16:27:23',NULL,NULL,NULL,NULL),(4582,'TWN0510','070177029630','TWN - English Breakfast Tea Tin 100 g # 6 x 100 g','TWN - English Breakfast Tea Tin 100 g ',NULL,'',15,5,230000,230000,207207,NULL,'','2023-01-18 16:27:23',NULL,NULL,NULL,NULL),(4583,'TWN1020','0070177010768','TWN - Promo Pack (Earl Grey+Asf Nat 125g) # 12 X (25x2g)','TWN - Promo Pack (Earl Grey+Asf Nat 125g) ',NULL,'',15,5,230000,230000,207207,NULL,'','2023-01-18 16:27:23',NULL,NULL,NULL,NULL),(4584,'TWN1050','38010132','TWN - Seasonal (English 50g+WNL 100g)#6x150g','TWN - Seasonal (English 50g+WNL 100g)',NULL,'',15,5,155000,155000,139640,NULL,'','2023-01-18 16:27:23',NULL,NULL,NULL,NULL),(4585,'TWN1070','38010712','TWN - Seasonal Breakfast Box 714gr # 12 x (50gr+380gr+284gr)','TWN - Seasonal Breakfast Box 714gr ',NULL,'',15,5,230000,230000,207207,NULL,'','2023-01-18 16:27:23',NULL,NULL,NULL,NULL),(4586,'TWN9910','38008054','TWN - Twn Mug Trumpet 1 Pcs # 1 x 1 Pcs','TWN - Twn Mug Trumpet 1 Pcs ',NULL,'',15,5,0,0,0,NULL,'','2023-01-18 16:27:23',NULL,NULL,NULL,NULL),(4587,'VLR0100','8410109055887','VLR - Dark Chocolate Sugar Free 100 g # 6 x 17 x 100 g','VLR - Dark Chocolate Sugar Free 100 g ',NULL,'',15,5,64330,64330,57955,NULL,'','2023-01-18 16:27:23',NULL,NULL,NULL,NULL),(4588,'VLR0110','8410109055795','VLR - Milk Chocolate No Sugar Added 100 g # 6 x 17 x 100 g','VLR - Milk Chocolate No Sugar Added 100 g ',NULL,'',15,5,64330,64330,57955,NULL,'','2023-01-18 16:27:23',NULL,NULL,NULL,NULL),(4589,'VLR0120','8410109050882','VLR - 70% Dark Chocolate Sugar Free 100 g # 6 x 17 x 100 g','VLR - 70% Dark Chocolate Sugar Free 100 g ',NULL,'',15,5,64330,64330,57955,NULL,'','2023-01-18 16:27:23',NULL,NULL,NULL,NULL),(4590,'VLR0130','8410109109832','VLR - 85% Dark Chocolate Sugar Free 100 g # 6 x 17 x 100 g','VLR - 85% Dark Chocolate Sugar Free 100 g ',NULL,'',15,5,64330,64330,57955,NULL,'','2023-01-18 16:27:23',NULL,NULL,NULL,NULL),(4591,'VLR0140','8410109056525','VLR - Dark Chocolate W/ Orange Creamy 100 g # 6 x 17 x 100 g','VLR - Dark Chocolate W/ Orange Creamy 100 g ',NULL,'',15,5,64330,64330,57955,NULL,'','2023-01-18 16:27:23',NULL,NULL,NULL,NULL),(4592,'VLR0150','8410109056532','VLR - Dark Chocolate W/ Truffle Creamy 100 g # 6 x 17 x 100 g','VLR - Dark Chocolate W/ Truffle Creamy 100 g ',NULL,'',15,5,64330,64330,57955,NULL,'','2023-01-18 16:27:23',NULL,NULL,NULL,NULL),(4593,'VOR0120','067312005499','VORT - Sugar Free Fudge Choc Chip 227 g # 12 x 227 g','VORT - Sugar Free Fudge Choc Chip 227 g ',NULL,'',15,5,79000,79000,71171.2,NULL,'','2023-01-18 16:27:23',NULL,NULL,NULL,NULL),(4594,'VOR0130','067312005505','VORT - Sugar Free Chocolate Chip 227 g # 12 x 227 g','VORT - Sugar Free Chocolate Chip 227 g ',NULL,'',15,5,79000,79000,71171.2,NULL,'','2023-01-18 16:27:23',NULL,NULL,NULL,NULL),(4595,'VOR0200','067312005215','VORT - Sugar Free Lemon Wafers 255 g # 12 x 255 g','VORT - Sugar Free Lemon Wafers 255 g ',NULL,'',15,5,0,0,0,NULL,'','2023-01-18 16:27:23',NULL,NULL,NULL,NULL),(4596,'VOR0220','067312005260','VORT - Sugar Free Chocolate Wafers 255 g # 12 x 255 g','VORT - Sugar Free Chocolate Wafers 255 g ',NULL,'',15,5,69000,69000,62162.2,NULL,'','2023-01-18 16:27:23',NULL,NULL,NULL,NULL),(4597,'WDR0100','014113940092','WDR - Pistachios Clas Salt 50 g # 48 x 50 g','WDR - Pistachios Clas Salt 50 g ',NULL,'',15,5,34810,34810,31360.4,NULL,'','2023-01-18 16:27:23',NULL,NULL,NULL,NULL),(4598,'WDR0110','014113940054','WDR  -Pistachios Clas Salt 168 g # 24 x 168 g','WDR  -Pistachios Clas Salt 168 g ',NULL,'',15,5,107470,107470,96819.8,NULL,'','2023-01-18 16:27:23',NULL,NULL,NULL,NULL),(4599,'WDR0120','014113940023','WDR - Pistachios Clas Salt 454 g # 12 x 454 g','WDR - Pistachios Clas Salt 454 g ',NULL,'',15,5,259340,259340,233640,NULL,'','2023-01-18 16:27:23',NULL,NULL,NULL,NULL),(4600,'WDR0130','014113940214','WDR - Pistachios Clas Salt 400 g # 12 x 400 g','WDR - Pistachios Clas Salt 400 g ',NULL,'',15,5,147450,147450,132838,NULL,'','2023-01-18 16:27:23',NULL,NULL,NULL,NULL),(4601,'WDR0140','014113940108','WDR - Pistachios PPR & GRLC 50 g # 48 x 50 g','WDR - Pistachios PPR & GRLC 50 g ',NULL,'',15,5,34810,34810,31360.4,NULL,'','2023-01-18 16:27:23',NULL,NULL,NULL,NULL),(4602,'WDR0150','014113940061','WDR - Pistachios PPR & GRLC 168 g # 24 x 168 g','WDR - Pistachios PPR & GRLC 168 g ',NULL,'',15,5,107470,107470,96819.8,NULL,'','2023-01-18 16:27:23',NULL,NULL,NULL,NULL),(4603,'WDR0160','014113940207','WDR - Pistachios Clas No Salt 50 g # 48 x 50 g','WDR - Pistachios Clas No Salt 50 g ',NULL,'',15,5,34810,34810,31360.4,NULL,'','2023-01-18 16:27:23',NULL,NULL,NULL,NULL),(4604,'WDR0170','014113940191','WDR - Pistachios Clas No Salt 300 g# 24 x 300 g','WDR - Pistachios Clas No Salt 300 g',NULL,'',15,5,159570,159570,143757,NULL,'','2023-01-18 16:27:23',NULL,NULL,NULL,NULL),(4605,'WDR0200','014113240055','WDR - Almonds Clas Salt 50 g # 48 x 50 g','WDR - Almonds Clas Salt 50 g ',NULL,'',15,5,31790,31790,28639.6,NULL,'','2023-01-18 16:27:23',NULL,NULL,NULL,NULL),(4606,'WDR0210','014113240024','WDR - Almonds Clas Salt 168 g # 24 x 168 g','WDR - Almonds Clas Salt 168 g ',NULL,'',15,5,96370,96370,86819.8,NULL,'','2023-01-18 16:27:23',NULL,NULL,NULL,NULL),(4607,'WDR0220','014113240031','WDR - Almonds Clas Salt 318 g # 24 x 318 g','WDR - Almonds Clas Salt 318 g ',NULL,'',15,5,162460,162460,146360,NULL,'','2023-01-18 16:27:23',NULL,NULL,NULL,NULL),(4608,'WDR0230','014113240116','WDR - Almonds Clas Salt 500 g # 12 x 500 g','WDR - Almonds Clas Salt 500 g ',NULL,'',15,5,295930,295930,266604,NULL,'','2023-01-18 16:27:23',NULL,NULL,NULL,NULL),(4609,'WNL0110','7610037000893','WNL - Wernli Choco Fin 100 g  # 12 x 100 g','WNL - Wernli Choco Fin 100 g  ',NULL,'',15,5,77000,77000,69369.4,NULL,'','2023-01-18 16:27:23',NULL,NULL,NULL,NULL),(4610,'WNL0120','7610062041809','WNL - Wernli Choco Belle 100 g # 12 x 100 g','WNL - Wernli Choco Belle 100 g ',NULL,'',15,5,77000,77000,69369.4,NULL,'','2023-01-18 16:27:23',NULL,NULL,NULL,NULL),(4611,'WNL0130','7610062080341','WNL - Choco Petit Beurre 125 g # 16 x 125 g','WNL - Choco Petit Beurre 125 g ',NULL,'',15,5,77000,77000,69369.4,NULL,'','2023-01-18 16:27:23',NULL,NULL,NULL,NULL),(4612,'WNL0140','7610062091903','WNL - Truffet 100 g # 12 x 100 g','WNL - Truffet 100 g ',NULL,'',15,5,77000,77000,69369.4,NULL,'','2023-01-18 16:27:23',NULL,NULL,NULL,NULL),(4613,'WNL0150','7610062000301','WNL - Japonais 100 g # 12 x 100 g','WNL - Japonais 100 g ',NULL,'',15,5,77000,77000,69369.4,NULL,'','2023-01-18 16:27:23',NULL,NULL,NULL,NULL),(4614,'WNL0180','07610062092566','WNL - Mini Chocobeau 150 g # 12 x 150 g','WNL - Mini Chocobeau 150 g ',NULL,'',15,5,0,0,0,NULL,'','2023-01-18 16:27:23',NULL,NULL,NULL,NULL),(4615,'WNL0191','7610062087135','WNL - Petit Amour 150g # 8 x 150 g','WNL - Petit Amour 150g ',NULL,'',15,5,130000,130000,117117,NULL,'','2023-01-18 16:27:23',NULL,NULL,NULL,NULL),(4616,'WNL0200','7610062001001','WNL - Wernli Jura Waffers 250 g # 12 x 250 g','WNL - Wernli Jura Waffers 250 g ',NULL,'',15,5,83000,83000,74774.8,NULL,'','2023-01-18 16:27:23',NULL,NULL,NULL,NULL),(4617,'WNL0210','07610062081065','WNL - Jura Waffer mini 130 g # 12 x 130 g','WNL - Jura Waffer mini 130 g ',NULL,'',15,5,0,0,0,NULL,'','2023-01-18 16:27:23',NULL,NULL,NULL,NULL),(4618,'WTK0100','94314212','WTK - Peanut Slab 50 g # 4 x 50 x 50 g','WTK - Peanut Slab 50 g ',NULL,'',15,5,25230,25230,22729.7,NULL,'','2023-01-18 16:27:23',NULL,NULL,NULL,NULL),(4619,'WTK0110','94314243','WTK - Roasted Almond Gold 45 g # 4 x 50 x 45 g','WTK - Roasted Almond Gold 45 g ',NULL,'',15,5,25230,25230,22729.7,NULL,'','2023-01-18 16:27:23',NULL,NULL,NULL,NULL),(4620,'WTK0120','9403142000210','WTK - Almond Gold Multi 135 g # 24 x 135 g','WTK - Almond Gold Multi 135 g ',NULL,'',15,5,72150,72150,65000,NULL,'','2023-01-18 16:27:23',NULL,NULL,NULL,NULL),(4621,'WTK0130','9403142000142','WTK - Peanut Slab Multi 150 g # 24 x 150 g','WTK - Peanut Slab Multi 150 g ',NULL,'',15,5,72150,72150,65000,NULL,'','2023-01-18 16:27:23',NULL,NULL,NULL,NULL),(4622,'WTK0200','9403142002375','WTK - Ghana Peppermint Block 220 g # 12 x 220 g','WTK - Ghana Peppermint Block 220 g ',NULL,'',15,5,91830,91830,82729.7,NULL,'','2023-01-18 16:27:23',NULL,NULL,NULL,NULL),(4623,'WTK0210','9403142002245','WTK - Hazelnut Block 200 g # 12 x 200 g','WTK - Hazelnut Block 200 g ',NULL,'',15,5,91830,91830,82729.7,NULL,'','2023-01-18 16:27:23',NULL,NULL,NULL,NULL),(4624,'WTK0220','9403142002467','WTK - Peanut Butter Block 220 g # 12 x 220 g','WTK - Peanut Butter Block 220 g ',NULL,'',15,5,91830,91830,82729.7,NULL,'','2023-01-18 16:27:23',NULL,NULL,NULL,NULL),(4625,'WTK0230','9403142002252','WTK - Almond  Gold Block 200 g # 14 x 200 g','WTK - Almond  Gold Block 200 g ',NULL,'',15,5,91830,91830,82729.7,NULL,'','2023-01-18 16:27:23',NULL,NULL,NULL,NULL),(4626,'WTK0240','9403142002320','WTK - Berry Biscuit Block 200 g # 14 x 200 g','WTK - Berry Biscuit Block 200 g ',NULL,'',15,5,91830,91830,82729.7,NULL,'','2023-01-18 16:27:23',NULL,NULL,NULL,NULL),(4627,'WTK0250','9403142002221','WTK - Creamy Milk Block 200 g # 14 x 200 g','WTK - Creamy Milk Block 200 g ',NULL,'',15,5,91830,91830,82729.7,NULL,'','2023-01-18 16:27:23',NULL,NULL,NULL,NULL),(4628,'WTK0260','9403142002269','WTK - Dark Almond Block 200 g # 14 x 200 g','WTK - Dark Almond Block 200 g ',NULL,'',15,5,91830,91830,82729.7,NULL,'','2023-01-18 16:27:23',NULL,NULL,NULL,NULL),(4629,'WTK0270','9403142002351','WTK - Dark Ghana Block 200 g # 14 x 200 g','WTK - Dark Ghana Block 200 g ',NULL,'',15,5,91830,91830,82729.7,NULL,'','2023-01-18 16:27:23',NULL,NULL,NULL,NULL),(4630,'WTK0280','9403142002214','WTK - Fruit Nut Block 200 g # 14 x 200 g','WTK - Fruit Nut Block 200 g ',NULL,'',15,5,91830,91830,82729.7,NULL,'','2023-01-18 16:27:23',NULL,NULL,NULL,NULL),(4631,'WTK0300','94184648','WTK - Sante 72% Dark Ghana # 9 x 48 x 25 g','WTK - Sante 72% Dark Ghana ',NULL,'',15,5,13120,13120,11819.8,NULL,'','2023-01-18 16:27:23',NULL,NULL,NULL,NULL),(4632,'WTK0310','94314281','WTK - Sante Dark Choco # 9 x 48 x 25 g','WTK - Sante Dark Choco ',NULL,'',15,5,13120,13120,11819.8,NULL,'','2023-01-18 16:27:23',NULL,NULL,NULL,NULL),(4633,'WTK0320','94314274','WTK - Sante Milk Choco Bar # 9 x 48 x 25 g','WTK - Sante Milk Choco Bar ',NULL,'',15,5,13120,13120,11819.8,NULL,'','2023-01-18 16:27:23',NULL,NULL,NULL,NULL),(4634,'WTK0330','94314229','WTK - Sante White Choco Bar # 9 x 48 x 25 g','WTK - Sante White Choco Bar ',NULL,'',15,5,13120,13120,11819.8,NULL,'','2023-01-18 16:27:23',NULL,NULL,NULL,NULL),(4635,'WTK0400','9403142000678','WTK - Almond Gold Chunks 50 g # 6 x 36 x 50 g','WTK - Almond Gold Chunks 50 g ',NULL,'',15,5,26240,26240,23639.6,NULL,'','2023-01-18 16:27:23',NULL,NULL,NULL,NULL),(4636,'WTK0410','9403142000630','WTK - Berry Biscuit Chunks 50 g # 6 x 36 x 50 g','WTK - Berry Biscuit Chunks 50 g ',NULL,'',15,5,26240,26240,23639.6,NULL,'','2023-01-18 16:27:23',NULL,NULL,NULL,NULL),(4637,'WTK0420','9403142000609','WTK - Creamy Milk Cho Chunk 50 g # 6 x ( 36 x 50 g )','WTK - Creamy Milk Cho Chunk 50 g ',NULL,'',15,5,26240,26240,23639.6,NULL,'','2023-01-18 16:27:23',NULL,NULL,NULL,NULL),(4638,'WTK0430','9403142000654','WTK - Dark Almond Chunks 50 g # 6 x 36 x 50 g','WTK - Dark Almond Chunks 50 g ',NULL,'',15,5,26240,26240,23639.6,NULL,'','2023-01-18 16:27:23',NULL,NULL,NULL,NULL),(4639,'WTK0440','9403142000623','WTK - Dark Choc ChunkS 50 g # 6 x ( 36 x 50 g )','WTK - Dark Choc ChunkS 50 g ',NULL,'',15,5,26240,26240,23639.6,NULL,'','2023-01-18 16:27:23',NULL,NULL,NULL,NULL),(4640,'WTK0450','9403142000685','WTK - Peppermint Chunks 6 x 36 x 50 g # 6 x 36 x 50 g','WTK - Peppermint Chunks 6 x 36 x 50 g ',NULL,'',15,5,26240,26240,23639.6,NULL,'','2023-01-18 16:27:23',NULL,NULL,NULL,NULL),(4641,'WTK0460','9403142000661','WTK - Hazelnut Chunks 6 x 36 x 50 g # 6 x 36 x 50 g','WTK - Hazelnut Chunks 6 x 36 x 50 g ',NULL,'',15,5,26240,26240,23639.6,NULL,'','2023-01-18 16:27:23',NULL,NULL,NULL,NULL),(4642,'WTK0470','9403142001361','WTK - 72 % Dark Ghana Chochunks  # 6 x ( 36 x 50 g )','WTK - 72 % Dark Ghana Chochunks  ',NULL,'',15,5,26240,26240,23639.6,NULL,'','2023-01-18 16:27:23',NULL,NULL,NULL,NULL),(4643,'WTK0480','9403142000616','WTK - Fruit & Nut Choc Chunks # 6 x ( 36 x 50 g )','WTK - Fruit & Nut Choc Chunks ',NULL,'',15,5,26240,26240,23639.6,NULL,'','2023-01-18 16:27:23',NULL,NULL,NULL,NULL),(4644,'WTK0490','9403142001088','WTK - White Choc Chunks # 6 x ( 36 x 50 g )','WTK - White Choc Chunks ',NULL,'',15,5,26240,26240,23639.6,NULL,'','2023-01-18 16:27:23',NULL,NULL,NULL,NULL),(4645,'WTK0500','9403142001675','WTK - Berry & Biscuit 180 g # 12 x 180 g','WTK - Berry & Biscuit 180 g ',NULL,'',15,5,98390,98390,88639.6,NULL,'','2023-01-18 16:27:23',NULL,NULL,NULL,NULL),(4646,'WTK0510','9403142001668','WTK - Hokey - Pokey 180 g # 12 x 180 g','WTK - Hokey - Pokey 180 g ',NULL,'',15,5,98390,98390,88639.6,NULL,'','2023-01-18 16:27:23',NULL,NULL,NULL,NULL),(4647,'WTR0100','8003535023218','WTR - Bianco Coure 250 g # 12 x 250 g','WTR - Bianco Coure 250 g ',NULL,'',15,5,109490,109490,98639.6,NULL,'','2023-01-18 16:27:23',NULL,NULL,NULL,NULL),(4648,'WTR0110','8003535023171','WTR - Golden 250 g # 12 x 250 g','WTR - Golden 250 g ',NULL,'',15,5,109490,109490,98639.6,NULL,'','2023-01-18 16:27:23',NULL,NULL,NULL,NULL),(4649,'WTR0120','8003535020934','WTR - Golden 1 kg # 9 x 1 kg','WTR - Golden 1 kg ',NULL,'',15,5,344600,344600,310450,NULL,'','2023-01-18 16:27:23',NULL,NULL,NULL,NULL),(4650,'WTR0130','8003535044138','WTR - Noir 250 g # 12 x 250 g','WTR - Noir 250 g ',NULL,'',15,5,109490,109490,98639.6,NULL,'','2023-01-18 16:27:23',NULL,NULL,NULL,NULL),(4651,'WTR0140','8003535023256','WTR - Selection Classic 250 g # 12 x 250 g','WTR - Selection Classic 250 g ',NULL,'',15,5,109490,109490,98639.6,NULL,'','2023-01-18 16:27:23',NULL,NULL,NULL,NULL),(4652,'WTR0150','8003535026578','WTR - Selection Classic 1 kg # 9 x 1 kg','WTR - Selection Classic 1 kg ',NULL,'',15,5,344600,344600,310450,NULL,'','2023-01-18 16:27:23',NULL,NULL,NULL,NULL),(4653,'WTR0160','8003535022778','WTR - Pyramid Selection 300 g # 6 x 300 g','WTR - Pyramid Selection 300 g ',NULL,'',15,5,199800,199800,180000,NULL,'','2023-01-18 16:27:23',NULL,NULL,NULL,NULL),(4654,'WTR0170','8003535026295','WTR - Selection Ice Bucket 350 g # 5 x 350 g','WTR - Selection Ice Bucket 350 g ',NULL,'',15,5,231080,231080,208180,NULL,'','2023-01-18 16:27:23',NULL,NULL,NULL,NULL),(4655,'ZAI0100','8004735069594','ZAI - Egg Trio Frozen 60 g # 24 x 60 g','ZAI - Egg Trio Frozen 60 g ',NULL,'',15,5,64480,64480,58090.1,NULL,'','2023-01-18 16:27:23',NULL,NULL,NULL,NULL),(4656,'ZAI0110','8004735031089','ZAI - Egg Trio Princess 60 g # 24 x 60 g','ZAI - Egg Trio Princess 60 g ',NULL,'',15,5,64480,64480,58090.1,NULL,'','2023-01-18 16:27:23',NULL,NULL,NULL,NULL),(4657,'ZAI0120','8004735030662','ZAI - Egg Trio Toy Story # 24 x 60 g','ZAI - Egg Trio Toy Story ',NULL,'',15,5,64480,64480,58090.1,NULL,'','2023-01-18 16:27:23',NULL,NULL,NULL,NULL),(4658,'ZAI0130','8004735091175','ZAI - Egg Trio Insideout  # 24 x 60 g','ZAI - Egg Trio Insideout  ',NULL,'',15,5,64480,64480,58090.1,NULL,'','2023-01-18 16:27:23',NULL,NULL,NULL,NULL),(4659,'ZAI0140','8004735101034','ZAI - Egg Trio Mickey 60 g # 24 x 60 g','ZAI - Egg Trio Mickey 60 g ',NULL,'',15,5,64480,64480,58090.1,NULL,'','2023-01-18 16:27:23',NULL,NULL,NULL,NULL),(4660,'ZAI0150','8004735031218','ZAI - Egg Trio Cars 60 g # 24 x 60 g','ZAI - Egg Trio Cars 60 g ',NULL,'',15,5,64480,64480,58090.1,NULL,'','2023-01-18 16:27:23',NULL,NULL,NULL,NULL),(4661,'ZAI0160','8004735101041','ZAI - Egg Trio Sofia 60 g # 24 x 60 g','ZAI - Egg Trio Sofia 60 g ',NULL,'',15,5,64480,64480,58090.1,NULL,'','2023-01-18 16:27:23',NULL,NULL,NULL,NULL),(4662,'ZAI0170','8004735031621','ZAI - Egg Trio Minnie 60 g # 24 x 60 g','ZAI - Egg Trio Minnie 60 g ',NULL,'',15,5,64480,64480,58090.1,NULL,'','2023-01-18 16:27:23',NULL,NULL,NULL,NULL),(4663,'ZAI0180','8004735096545','ZAI - Egg Trio Tsum - Tsum 60 g # 24 x 60 g','ZAI - Egg Trio Tsum - Tsum 60 g ',NULL,'',15,5,64480,64480,58090.1,NULL,'','2023-01-18 16:27:23',NULL,NULL,NULL,NULL),(4664,'ZAI0190','8004735092547','ZAI - Egg Trio Hello Kitty 60 g # 24 x 60 g','ZAI - Egg Trio Hello Kitty 60 g ',NULL,'',15,5,64480,64480,58090.1,NULL,'','2023-01-18 16:27:23',NULL,NULL,NULL,NULL),(4665,'ZAI01A0','8004735109184','ZAI - Pororo Trio Eggs 60 g # 24 x 60 g','ZAI - Pororo Trio Eggs 60 g ',NULL,'',15,5,64480,64480,58090.1,NULL,'','2023-01-18 16:27:23',NULL,NULL,NULL,NULL),(4666,'ZAI01B0','8004735111163','ZAI - Hot Wheels Trio Eggs 60 g # 24 x 60 g','ZAI - Hot Wheels Trio Eggs 60 g ',NULL,'',15,5,64480,64480,58090.1,NULL,'','2023-01-18 16:27:23',NULL,NULL,NULL,NULL),(4667,'ZAI01C0','8004735093933','ZAI - Barbie Trio Eggs 60 g # 24 x 60 g','ZAI - Barbie Trio Eggs 60 g ',NULL,'',15,5,64480,64480,58090.1,NULL,'','2023-01-18 16:27:23',NULL,NULL,NULL,NULL),(4668,'ZAI01D0','8004735094473','ZAI - Paw Patrol Trio Eggs 60 g # 24 X 60 g','ZAI - Paw Patrol Trio Eggs 60 g ',NULL,'',15,5,64480,64480,58090.1,NULL,'','2023-01-18 16:27:23',NULL,NULL,NULL,NULL),(4669,'ZAI01E0','8004735110579','ZAI - Pj Masks Trio Eggs 60 g # 24 x 60 g','ZAI - Pj Masks Trio Eggs 60 g ',NULL,'',15,5,64480,64480,58090.1,NULL,'','2023-01-18 16:27:23',NULL,NULL,NULL,NULL),(4670,'ZAI01F0','8004735106183','ZAI - Tayo Trio Eggs 60 g # 24 x 60 g','ZAI - Tayo Trio Eggs 60 g ',NULL,'',15,5,64480,64480,58090.1,NULL,'','2023-01-18 16:27:23',NULL,NULL,NULL,NULL),(4671,'ZAI0200','80838876','ZAI - Crockki Mickey 18 g # 2 x 24 x 18 g','ZAI - Crockki Mickey 18 g ',NULL,'',15,5,22100,22100,19909.9,NULL,'','2023-01-18 16:27:23',NULL,NULL,NULL,NULL),(4672,'ZAI0211','80774914','ZAI - Crockki Minnie 18 g # 2 x 24 x 18 g','ZAI - Crockki Minnie 18 g ',NULL,'',15,5,22100,22100,19909.9,NULL,'','2023-01-18 16:27:23',NULL,NULL,NULL,NULL),(4673,'ZAI0220','80871170','ZAI - Crockki Frozen 18 g # 2 x 24 x 18 g','ZAI - Crockki Frozen 18 g ',NULL,'',15,5,22100,22100,19909.9,NULL,'','2023-01-18 16:27:23',NULL,NULL,NULL,NULL),(4674,'ZAI0230','80884415','ZAI - Crockki Cars 18 g # 2 x 24 x 18 g','ZAI - Crockki Cars 18 g ',NULL,'',15,5,22100,22100,19909.9,NULL,'','2023-01-18 16:27:23',NULL,NULL,NULL,NULL),(4675,'ZAI0240','80985754','ZAI - Crockki Tsum - Tsum 18 g # 2 x 24 x 18 g','ZAI - Crockki Tsum - Tsum 18 g ',NULL,'',15,5,22100,22100,19909.9,NULL,'','2023-01-18 16:27:23',NULL,NULL,NULL,NULL),(4676,'ZAI0400','8004735065206','ZAI - Ciocobisco # 18 x 100 g','ZAI - Ciocobisco ',NULL,'',15,5,72650,72650,65450.4,NULL,'','2023-01-18 16:27:23',NULL,NULL,NULL,NULL),(4677,'ZAI0410','8004735065237','ZAI - Noughita # 18 x 100 g','ZAI - Noughita ',NULL,'',15,5,72650,72650,65450.4,NULL,'','2023-01-18 16:27:23',NULL,NULL,NULL,NULL),(4678,'ZAI0421','8004735108064','ZAI - Boero Cherry  # 12 X 210 g','ZAI - Boero Cherry  ',NULL,'',15,5,128150,128150,115450,NULL,'','2023-01-18 16:27:23',NULL,NULL,NULL,NULL);
/*!40000 ALTER TABLE `p_item` ENABLE KEYS */;
UNLOCK TABLES;

--
-- Table structure for table `p_item_detail`
--

DROP TABLE IF EXISTS `p_item_detail`;
/*!40101 SET @saved_cs_client     = @@character_set_client */;
/*!40101 SET character_set_client = utf8 */;
CREATE TABLE `p_item_detail` (
  `id` int(11) NOT NULL AUTO_INCREMENT,
  `item_id` int(11) DEFAULT NULL,
  `item_code` varchar(255) DEFAULT NULL,
  `barcode` varchar(255) DEFAULT NULL,
  `name` varchar(255) DEFAULT NULL,
  `qty` int(11) DEFAULT NULL,
  `exp_date` date DEFAULT NULL,
  `created_by` varchar(255) DEFAULT NULL,
  `created_at` timestamp NOT NULL DEFAULT current_timestamp(),
  PRIMARY KEY (`id`)
) ENGINE=InnoDB AUTO_INCREMENT=3547 DEFAULT CHARSET=latin1;
/*!40101 SET character_set_client = @saved_cs_client */;

--
-- Dumping data for table `p_item_detail`
--

LOCK TABLES `p_item_detail` WRITE;
/*!40000 ALTER TABLE `p_item_detail` DISABLE KEYS */;
INSERT INTO `p_item_detail` VALUES (3028,4331,'ALB0100','9311766000007','ALB - Mozzarella 250 g # 12 x 250 g',1000,'2023-12-31','1','2023-02-02 07:16:15'),(3029,4332,'ALB0110','9311766000014','ALB - Mozzarella 500 g # 12 x 500 g',1000,'2023-12-31','1','2023-02-02 07:16:15'),(3030,4333,'AMS0100','6936756230580','AMS - 4D Gummy Block 40g # 8 x 12 x 40g',1000,'2023-12-31','1','2023-02-02 07:16:15'),(3031,4334,'AMS0200','6936756230603','AMS - 4D Gummy Block 72g # 36 x 72g',1000,'2023-12-31','1','2023-02-02 07:16:15'),(3032,4335,'ASF0130','6281073210181','ASF - Natural Honey # 12 x 500 g',1000,'2023-12-31','1','2023-02-02 07:16:15'),(3033,4336,'ASF01A0','6281073210198','ASF - Natural Honey 500g+125g 1Pc # 12 x 625 Pcs',1000,'2023-12-31','1','2023-02-02 07:16:15'),(3034,4337,'BCF0200','8888089990502','BCF - Colombiana Instant Coffee (Merah) 50g # 12 x 50g',1000,'2023-12-31','1','2023-02-02 07:16:15'),(3035,4338,'BCF0210','8888089991004','BCF - Colombiana Instant Coffee (Merah) 100g # 12 x 100g',1000,'2023-12-31','1','2023-02-02 07:16:15'),(3036,4339,'CAO0100','7612100113110','CAO - Caotina Original 200 g # 6 x 200 g',1000,'2023-12-31','1','2023-02-02 07:16:15'),(3037,4340,'CAO0110','7612100019184','CAO - Caotina Original 500 g # 6 x 500 g',1000,'2023-12-31','1','2023-02-02 07:16:15'),(3038,4341,'CAO0120','7612100055519','CAO - Caotina Noir 500 g # 6 x 500 g',1000,'2023-12-31','1','2023-02-02 07:16:15'),(3039,4342,'CAO0130','7612100055496','CAO - Caotina Blanc 500 g # 6 x 500 g',1000,'2023-12-31','1','2023-02-02 07:16:15'),(3040,4343,'CAO0140','7612100800621','CAO - Chocolate Spread 300 g # 6 x 300 g',1000,'2023-12-31','1','2023-02-02 07:16:15'),(3041,4344,'CAV0100','5413623900032','CAV - Cavalier Bar Milk 44 g # 10 X 16 X 44 g',1000,'2023-12-31','1','2023-02-02 07:16:15'),(3042,4345,'CAV0111','5413623900025','CAV - Cavalier Bar Dark 44 g # 10 X 16 X 44 g',1000,'2023-12-31','1','2023-02-02 07:16:15'),(3043,4346,'CAV0120','5413623900063','CAV - Cavalier Bar Milk Pralinut 42 g # 10 X 16 X 42 g',1000,'2023-12-31','1','2023-02-02 07:16:15'),(3044,4347,'CAV0130','5413623101002','CAV - Cavalier Tablet Milk 85 g # 6 X 14 X 85 g',1000,'2023-12-31','1','2023-02-02 07:16:15'),(3045,4348,'CAV0140','5413623301006','CAV - Cavalier Tablet Dark 85 g # 6 X 14 X 85 g',1000,'2023-12-31','1','2023-02-02 07:16:15'),(3046,4349,'CAV0151','5413623201009','CAV - Cavalier Tablet M Hazelnut 85 g # 6 X 14 X 85 g',1000,'2023-12-31','1','2023-02-02 07:16:15'),(3047,4350,'CAV0160','5413623850047','CAV - Cavalier Tablet White 85 g # 6 X 14 X 85 g',1000,'2023-12-31','1','2023-02-02 07:16:15'),(3048,4351,'CCO0300','8997011630871','CCO - Bali Ass gift Pack # 24 x 170 g',1000,'2023-12-31','1','2023-02-02 07:16:15'),(3049,4352,'CCO0310','8997011630888','CCO - Borobudur Almond gift Pack # 24 x 170 g',1000,'2023-12-31','1','2023-02-02 07:16:15'),(3050,4353,'CCO0320','8997011631823','CCO - Wayang Kulit Nakula 170 g # 1 x 24 x 170 g',1000,'2023-12-31','1','2023-02-02 07:16:15'),(3051,4354,'CCO0330','8997011631830','CCO - Wayang Kulit Bima 170 g # 1 x 24 x 170 g',1000,'2023-12-31','1','2023-02-02 07:16:15'),(3052,4355,'CCO0340','8997011631816','CCO - Wayang Kulit Arjuna Ass 170 g # 1 x 24 x 170 g',1000,'2023-12-31','1','2023-02-02 07:16:15'),(3053,4356,'CCO0350','8997011631809','CCO - Wayang Kulit Yudhistira Ass 170 g # 1 x 24 x 170 g',1000,'2023-12-31','1','2023-02-02 07:16:15'),(3054,4357,'CCO0380','8997011631229','CCO - Bali 3Dancers Gift Pack # 24 x 170 g',1000,'2023-12-31','1','2023-02-02 07:16:15'),(3055,4358,'CCO0390','8997011631212','CCO - Bali Lion Head Gift Pack # 24 x 170 g',1000,'2023-12-31','1','2023-02-02 07:16:15'),(3056,4359,'CCO03A0','8997011631236','CCO - Beautiful Indonesia Asst # 24 x 170 g',1000,'2023-12-31','1','2023-02-02 07:16:15'),(3057,4360,'CCO0400','8997011630314','CCO - Hazelnut w/ Rice Cereal  # 24 x 135 g',1000,'2023-12-31','1','2023-02-02 07:16:15'),(3058,4361,'CCO0410','8997011630284','CCO - Almond w/ Rice Cereal # 24 x 135 g',1000,'2023-12-31','1','2023-02-02 07:16:15'),(3059,4362,'CCO0420','8997011630253','CCO - Milk Choco w/ Rice Cereal # 24 x 135 g',1000,'2023-12-31','1','2023-02-02 07:16:15'),(3060,4363,'CCO0430','8997011630321','CCO - Cylinder Jar Hazelnut  # 24 x 262.5 g',1000,'2023-12-31','1','2023-02-02 07:16:15'),(3061,4364,'CCO0440','8997011630291','CCO - Cylinder Jar Almond  # 24 x 262.5 g',1000,'2023-12-31','1','2023-02-02 07:16:15'),(3062,4365,'CCO0450','8997011630260','CCO - Cylinder Jar Milk Chocolat # 24 x 262.5 g',1000,'2023-12-31','1','2023-02-02 07:16:15'),(3063,4366,'CCO0460','8997011630338','CCO - Square Jar Hazelnut # 18 x 525 g',1000,'2023-12-31','1','2023-02-02 07:16:15'),(3064,4367,'CCO0470','8997011630307','CCO - Square Jar Almond # 18 x 525 g',1000,'2023-12-31','1','2023-02-02 07:16:15'),(3065,4368,'CCO0480','8997011630277','CCO - Square Jar Milk Chocolate # 18 x 525 g',1000,'2023-12-31','1','2023-02-02 07:16:15'),(3066,4369,'CCO0500','8997011630017','CCO - Milk Bar 50 g # 12 x 20 x 50 g',1000,'2023-12-31','1','2023-02-02 07:16:15'),(3067,4370,'CCO0510','8997011630024','CCO - Milk Bar 100 g # 12 x 10 x 100 g',1000,'2023-12-31','1','2023-02-02 07:16:15'),(3068,4371,'CCO0520','8997011630031','CCO - Milk Bar 200 g # 6 x 10 x 200 g',1000,'2023-12-31','1','2023-02-02 07:16:15'),(3069,4372,'CCO0530','8997011630079','CCO - Almond Bar 50 g # 12 x 20 x 50 g',1000,'2023-12-31','1','2023-02-02 07:16:15'),(3070,4373,'CCO0540','8997011630086','CCO - Almond Bar 100 g # 12 x 10 x 100 g',1000,'2023-12-31','1','2023-02-02 07:16:15'),(3071,4374,'CCO0550','8997011630093','CCO - Almond Bar 200 g # 6 x 10 x 200 g',1000,'2023-12-31','1','2023-02-02 07:16:15'),(3072,4375,'CCO0560','8997011630109','CCO - Fruit and Nut Bar 50 g # 12 x 20 x 50 g',1000,'2023-12-31','1','2023-02-02 07:16:15'),(3073,4376,'CCO0570','8997011630116','CCO - Fruit and Nut Bar 100 g # 12 x 10 x 100 g',1000,'2023-12-31','1','2023-02-02 07:16:15'),(3074,4377,'CCO0580','8997011630123','CCO - Fruit and Nut Bar 200 g # 6 x 10 x 200 g',1000,'2023-12-31','1','2023-02-02 07:16:15'),(3075,4378,'CCO0590','8997011630048','CCO - Hazelnut Bar 50 g # 12 x 20 x 50 g',1000,'2023-12-31','1','2023-02-02 07:16:15'),(3076,4379,'CCO05A0','8997011630055','CCO - Hazelnut Bar 100 g # 12 x 10 x 100 g',1000,'2023-12-31','1','2023-02-02 07:16:15'),(3077,4380,'CCO05B0','8997011630062','CCO - Hazelnut Bar 200 g # 6 x 10 x 200 g',1000,'2023-12-31','1','2023-02-02 07:16:15'),(3078,4381,'CLN0100','8992919141405','CLN - Collin\'s Butter Nut 48g # 20 (15 x 3.2)',1000,'2023-12-31','1','2023-02-02 07:16:15'),(3079,4382,'CRM0160','9319133338012','CRM - Deluxe  Gluten Free 400 g # 6 x 400 g',1000,'2023-12-31','1','2023-02-02 07:16:15'),(3080,4383,'DCG0100','00004','FA-Large Canopy Toys',989,'2023-12-31','1','2023-02-02 07:16:15'),(3081,4384,'DCG0200','0022','FA-Roadster Car-Green',995,'2023-12-31','1','2023-02-02 07:16:15'),(3082,4385,'DCG0300','00330006','FA-Mug w/Animal CharacterHandl',499,'2023-12-31','1','2023-02-02 07:16:15'),(3083,4386,'DCG0400','0049','FA-Embassed Pasta & Sphagetty ',992,'2023-12-31','1','2023-02-02 07:16:15'),(3084,4387,'DCG0500','1509200831029','FA-Parcel Type B',1000,'2023-12-31','1','2023-02-02 07:16:15'),(3085,4388,'DCG0600','1509200831036','FA-Parcel Type D',1000,'2023-12-31','1','2023-02-02 07:16:15'),(3086,4389,'DCG0700','2008311300282','FA-Teddy Mug w/FA Logo',1000,'2023-12-31','1','2023-02-02 07:16:15'),(3087,4390,'DCG0800','2008313600052','FA-Paper Bag (L)',1000,'2023-12-31','1','2023-02-02 07:16:15'),(3088,4391,'DCG0900','2008313600076','FA-Paper Bag (S)',1000,'2023-12-31','1','2023-02-02 07:16:15'),(3089,4392,'DCG1000','2008313600083','FA-Paper Bag (M)',1000,'2023-12-31','1','2023-02-02 07:16:15'),(3090,4393,'DCG1100','38000255','FA-Teddy In Bath',998,'2023-12-31','1','2023-02-02 07:16:15'),(3091,4394,'DCG1200','38000300','FA-Large Canopy Grocer',999,'2023-12-31','1','2023-02-02 07:16:15'),(3092,4395,'DCG1300','38000317','FA-Large Canopy Bakery',1000,'2023-12-31','1','2023-02-02 07:16:15'),(3093,4396,'DCG1400','38000331','FA-Winter Canopy Cookies',1000,'2023-12-31','1','2023-02-02 07:16:15'),(3094,4397,'DCG1500','38000768','Box Teddy Bear W/Handle (S)',1000,'2023-12-31','1','2023-02-02 07:16:15'),(3095,4398,'DCG1600','38001048','FA-Brown Basket W/ Handle (S)',1000,'2023-12-31','1','2023-02-02 07:16:15'),(3096,4399,'DCG1700','38001055','FA-Brown Basket W/ Handle (M)',1000,'2023-12-31','1','2023-02-02 07:16:15'),(3097,4400,'DCG1800','38001727','FA-Kereta Salju Besar',1000,'2023-12-31','1','2023-02-02 07:16:15'),(3098,4401,'DCG1900','38003134','FA-Terry Box Chef Medium 5426 ',1000,'2023-12-31','1','2023-02-02 07:16:15'),(3099,4402,'DCG2000','38003158','FA-Ugly Cute Boy Medium 5554',999,'2023-12-31','1','2023-02-02 07:16:15'),(3100,4403,'DCG2100','38003172','FA-Ugly Cute Boy Birthday 5563',1000,'2023-12-31','1','2023-02-02 07:16:15'),(3101,4404,'DCG2200','38003189','FA-Ugly Cute Girl Birthday5564',1000,'2023-12-31','1','2023-02-02 07:16:15'),(3102,4405,'DCG2300','38003219','FA-Bull Medium Jar 5430',995,'2023-12-31','1','2023-02-02 07:16:15'),(3103,4406,'DCG2400','38003226','FA-Cow Medium Jar 5432',999,'2023-12-31','1','2023-02-02 07:16:15'),(3104,4407,'DCG2500','38003240','FA-Tiger Medium Jar 5550',1000,'2023-12-31','1','2023-02-02 07:16:15'),(3105,4408,'DCG2600','38003257','FA-Dwarf Medium Jar 5670',1000,'2023-12-31','1','2023-02-02 07:16:15'),(3106,4409,'DCG2700','38003301','FA-Layer Pandan Box',1000,'2023-12-31','1','2023-02-02 07:16:15'),(3107,4410,'DCG2800','38003363','FA-Chicken Medium Jar w/Choc',1000,'2023-12-31','1','2023-02-02 07:16:15'),(3108,4411,'DCG2900','38003417','FA-Frog Medium Jar with Choco',1000,'2023-12-31','1','2023-02-02 07:16:15'),(3109,4412,'DCG3000','38003523','FA-Maize Basket Mocca 0274 (L)',1000,'2023-12-31','1','2023-02-02 07:16:15'),(3110,4413,'DCG3100','38003530','FA-Maize Basket Mocca 0274 (M)',1000,'2023-12-31','1','2023-02-02 07:16:15'),(3111,4414,'DCG3200','38003547','FA-Maize Basket Mocca 0274 (S)',1000,'2023-12-31','1','2023-02-02 07:16:15'),(3112,4415,'DCG3300','38006081','Pack - Keranjang Majalah Imlek',1000,'2023-12-31','1','2023-02-02 07:16:15'),(3113,4416,'DCG3700','38008276','Pack- Keranjang Rutan Bulat',1000,'2023-12-31','1','2023-02-02 07:16:15'),(3114,4417,'DCG3800','38008319','Pack - Box Kotak DG Coklat ',1000,'2023-12-31','1','2023-02-02 07:16:15'),(3115,4418,'DCG4000','38008405','Pack- Fa Happy Holiday Paper S',1000,'2023-12-31','1','2023-02-02 07:16:15'),(3116,4419,'DCG4100','38008412','Pack- Fa Happy Holiday Paper L',1000,'2023-12-31','1','2023-02-02 07:16:15'),(3117,4420,'DCG4200','38008474','Pack - Keranjang Kotak Kuping ',1000,'2023-12-31','1','2023-02-02 07:16:15'),(3118,4421,'DCG4300','38008481','Pack - Keranjang Rotan Besar ',1000,'2023-12-31','1','2023-02-02 07:16:15'),(3119,4422,'DCG4400','38008665','Pack - Keranjang Tangkai 1 Pcs',1000,'2023-12-31','1','2023-02-02 07:16:15'),(3120,4423,'DCG4500','38009044','Pack - FA Lebaran Green Round ',1000,'2023-12-31','1','2023-02-02 07:16:15'),(3121,4424,'DCG4600','38010514','Pack- Box Christmas Long',1000,'2023-12-31','1','2023-02-02 07:16:15'),(3122,4425,'DCG4700','38010873','Pack-FA Baki Gelombang Natal S',1000,'2023-12-31','1','2023-02-02 07:16:15'),(3123,4426,'DCG4800','38010958','Pack-keranjang Tangkai Saley K',1000,'2023-12-31','1','2023-02-02 07:16:15'),(3124,4427,'DCG4900','38010965','Pack-Keranjang Sariman Kotak ',1000,'2023-12-31','1','2023-02-02 07:16:15'),(3125,4428,'DCG5000','38010972','Pack - Keranjang Santa',1000,'2023-12-31','1','2023-02-02 07:16:15'),(3126,4429,'DCG5200','4891034041048','Gift-Lindt Coffee Mug',1000,'2023-12-31','1','2023-02-02 07:16:15'),(3127,4430,'DCG5300','7610062081065','Jura Waffer mini',1000,'2023-12-31','1','2023-02-02 07:16:15'),(3128,4431,'DCG5400','7610062092566','Mini Chocobeau ',1000,'2023-12-31','1','2023-02-02 07:16:15'),(3129,4432,'DCG5500','7610400030632','Lindor Cornet White 200 g',1000,'2023-12-31','1','2023-02-02 07:16:15'),(3130,4433,'DCG5600','7610400936521','LDT-SURFIN BULK',1000,'2023-12-31','1','2023-02-02 07:16:15'),(3131,4434,'DCG5700','7610400988889','Lindor White Gift Box',1000,'2023-12-31','1','2023-02-02 07:16:15'),(3132,4435,'DCG5800','8000000780003','FA-Pix Mix Chocolate 1',1000,'2023-12-31','1','2023-02-02 07:16:15'),(3133,4436,'DCG6000','9403142002238','White Chocolate block 200 gr',1000,'2023-12-31','1','2023-02-02 07:16:15'),(3134,4437,'DCG6100','38011634','Pack-Keranjang Oval Rotan S',1000,'2023-12-31','1','2023-02-02 07:16:15'),(3135,4438,'DCG6200','38011641','Pack-keranjang Oval Rotan M',1000,'2023-12-31','1','2023-02-02 07:16:15'),(3136,4439,'DCG6400','70177118495','TWN- Strawberry & Mango 50 gr',1000,'2023-12-31','1','2023-02-02 07:16:15'),(3137,4440,'DCG6500','7610062211851','WNL- Pack Sleeve',1000,'2023-12-31','1','2023-02-02 07:16:15'),(3138,4441,'DCG7100','38008887','FA - kantor plastik coklat 1 pcs ',1000,'2023-12-31','1','2023-02-02 07:16:15'),(3139,4442,'ESP0210','9311755200609','ESP - OLD STYLE LEMON LIME BITTE # 24 x 275 Ml',1000,'2023-12-31','1','2023-02-02 07:16:15'),(3140,4443,'ESP0220','9349277000612','ESP - Classic Cola 275 ml # 24 x 275 ml',1000,'2023-12-31','1','2023-02-02 07:16:15'),(3141,4444,'ESP0230','9311755200586','ESP - OLD STYLE GINGER BEER # 24 x 275 Ml',1000,'2023-12-31','1','2023-02-02 07:16:15'),(3142,4445,'FAM9710','38000614','FA - Plastic Bag # 1 x 1 pcs',1000,'2023-12-31','1','2023-02-02 07:16:15'),(3143,4446,'FAM9760','2008311300237','FA - Thermal Roll Paper # 1 x 1 pcs',1000,'2023-12-31','1','2023-02-02 07:16:15'),(3144,4447,'FAM9800','38006678','FA - Fa Hand glove 1 Pck # 1 x 1 Pck',1000,'2023-12-31','1','2023-02-02 07:16:15'),(3145,4448,'FAM9830','38006685','FA - Fa Plastik Opp 1 Pck # 1 x 1 Pck',999,'2023-12-31','1','2023-02-02 07:16:15'),(3146,4449,'FAM9860','38006692','FA - Fa Solatip/Nachi Tape 1 Pc # 1 x 1 Pc',999,'2023-12-31','1','2023-02-02 07:16:15'),(3147,4450,'FAM9900','38008603','FA - Pack Christmas Box Large 1 Pcs # 1 x 1 Pcs',1000,'2023-12-31','1','2023-02-02 07:16:15'),(3148,4451,'FAM9910','38008597','FA - Pack Christmas Box Medium 1 Pcs # 1 x 1 Pcs',1000,'2023-12-31','1','2023-02-02 07:16:15'),(3149,4452,'FAM9920','38008580','FA - Christmas Box Small 1 Pcs # 1 x 1 Pcs',1000,'2023-12-31','1','2023-02-02 07:16:15'),(3150,4453,'GAL0150','8001420003383','GAL - Base Mushroom # 5x1kg',1000,'2023-12-31','1','2023-02-02 07:16:15'),(3151,4454,'GOL0100','7610403072547','GOLD - Amarula #10(1x100g) # 10 x 1 x 100 g',1000,'2023-12-31','1','2023-02-02 07:16:15'),(3152,4455,'GOL0110','7610403072103','GOLD - Cointreau #10(1x100g) # 10 x 1 x 100 g',1000,'2023-12-31','1','2023-02-02 07:16:15'),(3153,4456,'GOL0120','7610403072561','GOLD - Jackdaniels Tennessee Honey 100g # 10 x1x100 g',1000,'2023-12-31','1','2023-02-02 07:16:15'),(3154,4457,'GOL0130','7610403072509','GOLD - Jackdaniels Tennessee Whiskey 100 # 10 x 1x 100 g',1000,'2023-12-31','1','2023-02-02 07:16:15'),(3155,4458,'GOL0140','7610403072707','GOLD - Remy Martin #10(1x100g) # 10 x 1 x 100 g',1000,'2023-12-31','1','2023-02-02 07:16:15'),(3156,4459,'GOL0150','7610403072523','GOLD - The Famous gouse #10(1x100g) # 10 x 1 x 100 g',1000,'2023-12-31','1','2023-02-02 07:16:15'),(3157,4460,'HOR0120','8886467076145','HOR - Cereal 3 in 1 320g # 24x320g',1000,'2023-12-31','1','2023-02-02 07:16:15'),(3158,4461,'JLB0100','745092012295','JLB - Jelly Bean Sachet 50 g # 24 x 50 g',1000,'2023-12-31','1','2023-02-02 07:16:15'),(3159,4462,'JLB0110','745092006942','JLB - Jelly Bean 36Flavours 75gr # 9x16x75gr',1000,'2023-12-31','1','2023-02-02 07:16:15'),(3160,4463,'JLB0120','745092014428','JLB - Jelly Bean Pop A Bean 100gr # 12 x 100gr',1000,'2023-12-31','1','2023-02-02 07:16:15'),(3161,4464,'JLB0130','745092006058','JLB - Jelly Bean 36 Flavours # 4 x 24 x 100gr',1000,'2023-12-31','1','2023-02-02 07:16:15'),(3162,4465,'JLB0140','745092010932','JLB - Jelly Bean Pouch Bag 113gr # 12 x 113gr',1000,'2023-12-31','1','2023-02-02 07:16:15'),(3163,4466,'JLB0150','745092000933','JLB - Jelly Bean Cup # 12 x 200 gr',1000,'2023-12-31','1','2023-02-02 07:16:15'),(3164,4467,'JLB0160','8713800139307','JLB - Jelly Bean Tube 90g # 24 x 90g',1000,'2023-12-31','1','2023-02-02 07:16:15'),(3165,4468,'JLB0170','8713800139208','JLB - Jelly Bean Pouch 70g # 20 x 70g',1000,'2023-12-31','1','2023-02-02 07:16:15'),(3166,4469,'LAK0100','8013399168338','LAKE - Fruity Drops Honey Lemon #  ( 12 x 16 ) x 40g',1000,'2023-12-31','1','2023-02-02 07:16:15'),(3167,4470,'LAK0110','8013399168345','LAKE - Fruity Drops Honey Strawberry # ( 12 x 16 ) x 40g',1000,'2023-12-31','1','2023-02-02 07:16:15'),(3168,4471,'LAK0120','8013399168222','LAKE - Fruity Drops Honey Yuzu # ( 12 x 16 ) x 40g',1000,'2023-12-31','1','2023-02-02 07:16:15'),(3169,4472,'LAK0130','8013399168291','LAKE - Fruity Drops Honey Lemon Tea #  ( 12 x 16 ) x 40g',1000,'2023-12-31','1','2023-02-02 07:16:15'),(3170,4473,'LDT0100','7610400010108','LDT - Surfin 100gr # (12x12)x100 gr',1000,'2023-12-31','1','2023-02-02 07:16:15'),(3171,4474,'LDT0110','7610400014571','LDT - White Chocolate 100gr # (12x12)x100 gr',1000,'2023-12-31','1','2023-02-02 07:16:15'),(3172,4475,'LDT0120','7610400010016','LDT - Milk 100gr # (12x12)x100 gr',1000,'2023-12-31','1','2023-02-02 07:16:15'),(3173,4476,'LDT0130','7610400010023','LDT - Milk Hazelnut 100gr # (12x12)x100 gr',1000,'2023-12-31','1','2023-02-02 07:16:15'),(3174,4477,'LDT0140','7610400014038','LDT - Milk Whole Almonds 100gr # (12x12)x100 gr',1000,'2023-12-31','1','2023-02-02 07:16:15'),(3175,4478,'LDT0150','7610400010368','LDT - Milk Raisin Nut 100gr # (12x12)x100 gr',1000,'2023-12-31','1','2023-02-02 07:16:15'),(3176,4479,'LDT0400','3046920028721','LDT - Excellence Dark Cocoa 99% # 6 x 18 x 50 g',1000,'2023-12-31','1','2023-02-02 07:16:15'),(3177,4480,'LDT0410','3046920029759','LDT - Excellence 90% Cacao 100 gr # 6x20x100 gr',999,'2023-12-31','1','2023-02-02 07:16:15'),(3178,4481,'LDT0420','3046920028363','LDT - Excellence Dark 85 # 6 x 20 x 100 g',1000,'2023-12-31','1','2023-02-02 07:16:15'),(3179,4482,'LDT0430','3046920010047','LDT - Excellence Dark Cocoa 78% 100g # 6 x 20 x 100g',999,'2023-12-31','1','2023-02-02 07:16:15'),(3180,4483,'LDT0440','3046920028004','LDT - Excellence Dark Cocoa 70% # 6 x 20 x 100 g',1000,'2023-12-31','1','2023-02-02 07:16:15'),(3181,4484,'LDT0450','3046920028370','LDT - Excellence Orange 100g # 6 x 20 x 100 g',994,'2023-12-31','1','2023-02-02 07:16:15'),(3182,4485,'LDT0460','7610400010481','LDT - Excellence Extra Creamy # 6 x 20 x100 g',1000,'2023-12-31','1','2023-02-02 07:16:15'),(3183,4486,'LDT0470','3046920028752','LDT - Exellence Mint Intense # 6 x 20 x 100 g',1000,'2023-12-31','1','2023-02-02 07:16:15'),(3184,4487,'LDT0480','3046920029674','LDT - Excel  Sea Salt 100 g # 6 x 20 x 100 g',1000,'2023-12-31','1','2023-02-02 07:16:15'),(3185,4488,'LDT0491','3046920028585','LDT - Excellence Dark 70% 35g # 2 x 24 x 35g',998,'2023-12-31','1','2023-02-02 07:16:15'),(3186,4489,'LDT04A1','3046920011600','LDT - Excellence Milk 35 g # 2 x 24 x 35 g',993,'2023-12-31','1','2023-02-02 07:16:15'),(3187,4490,'LDT04B0','3046920029582','LDT - Excellence Dark 85% 35g # 2 x 24 x 35g',998,'2023-12-31','1','2023-02-02 07:16:15'),(3188,4491,'LDT0622','7610400087346','LDT - Les Grandes Noisettes Caramel # 6 x 13 x 150g',1000,'2023-12-31','1','2023-02-02 07:16:15'),(3189,4492,'LDT0631','7610400085946','LDT - Les Grandes Amandes-Fleur De Sel # 15 x 150g',1000,'2023-12-31','1','2023-02-02 07:16:15'),(3190,4493,'LDT0700','7610400029841','LDT - Dark Thins 125 g # (1x9)x125 g',1000,'2023-12-31','1','2023-02-02 07:16:15'),(3191,4494,'LDT0710','7610400029810','LDT - Milk Thins 125g # (1x9)x125 g',1000,'2023-12-31','1','2023-02-02 07:16:15'),(3192,4495,'LDT0800','7610400071925','LDT - Lindor Trio Extra Dark 60% # 24 X 37 g',1000,'2023-12-31','1','2023-02-02 07:16:15'),(3193,4496,'LDT0820','7610400069502','LDT - Lindor Trio Assorted 37g # 24 x 37g',1000,'2023-12-31','1','2023-02-02 07:16:15'),(3194,4497,'LDT0830','4894475100190','LDT - Lindor Trio Strawberry 37g # 24 x 37g',1000,'2023-12-31','1','2023-02-02 07:16:15'),(3195,4498,'LDT0840','4894475100497','LDT - Lindor Trio Matcha 37g # 24 x 37g',1000,'2023-12-31','1','2023-02-02 07:16:15'),(3196,4499,'LDT0900','7610400074155','LDT - Lindor Single 60%Dark 100g # (12x12)x100 g',1000,'2023-12-31','1','2023-02-02 07:16:15'),(3197,4500,'LDT0910','7610400068369','LDT - Lindor Single Hazelnut100g # (12x12)x100 g',1000,'2023-12-31','1','2023-02-02 07:16:15'),(3198,4501,'LDT0920','7610400014649','LDT - Lindor Single Milk 100g # (12x12)x100 g',1000,'2023-12-31','1','2023-02-02 07:16:15'),(3199,4502,'LDT0930','7610400014632','LDT - Lindor Single White 100g # (12x12)x100 g',1000,'2023-12-31','1','2023-02-02 07:16:15'),(3200,4503,'LDT1000','8003340091280','LDT - Lindor Extra Dark 60%Cocoa # 4 X 8 X 200g',1000,'2023-12-31','1','2023-02-02 07:16:15'),(3201,4504,'LDT1010','7610400068505','LDT - Lindor Cornet Milk # 4 x 8 x 200 g',1000,'2023-12-31','1','2023-02-02 07:16:15'),(3202,4505,'LDT1020','7610400068529','LDT - Lindor Cornet Assorted # 4 x 8 x 200 g',1000,'2023-12-31','1','2023-02-02 07:16:15'),(3203,4506,'LDT1040','8003340097619','LDT - Lindor Cornet Strawberry 200g # 8 x 200g',1000,'2023-12-31','1','2023-02-02 07:16:15'),(3204,4507,'LDT1100','7610400983082','LDT - Lindor Extra Dark 60% gift # 1 x 10 x 168 g',1000,'2023-12-31','1','2023-02-02 07:16:15'),(3205,4508,'LDT1101','7610400987318','LDT - Lindor Ass Gift Box 168g # 1 x 10 x 168 g',1000,'2023-12-31','1','2023-02-02 07:16:15'),(3206,4509,'LDT1110','7610400060950','LDT - Lindor Milk Gift Box 168g # 1 x 10 x 168 g',1000,'2023-12-31','1','2023-02-02 07:16:15'),(3207,4510,'LDT1150','4894475100343','LDT - Lindor gift Box Straw&Cream 144g # 12 x 144 g',1000,'2023-12-31','1','2023-02-02 07:16:15'),(3208,4511,'LDT8070','4894475100022','LDT - 3D Star Tin 37 g # 10 x 37 g',1000,'2023-12-31','1','2023-02-02 07:16:15'),(3209,4512,'LDT8080','4894475100015','LDT - 3D Tree Tin 37 g # 10 x 37 g',1000,'2023-12-31','1','2023-02-02 07:16:15'),(3210,4513,'Ldt8090','4894475100053','LDT - Lindor Mini 3D Heart Tin # 10 x 37 g',1000,'2023-12-31','1','2023-02-02 07:16:15'),(3211,4514,'LDT80A0','7610400099967','LDT - Lindor Mini Box # 24 x 37 g',1000,'2023-12-31','1','2023-02-02 07:16:15'),(3212,4515,'LDT80B0','4894475100435','LDT - Lindor Straw & Cream Mini Heart Tin # 12 x 37 g',1000,'2023-12-31','1','2023-02-02 07:16:15'),(3213,4516,'LDT80G1','4894475100176','LDT - Lindor Crystal Pink Heart Tin 96g # 10 x 96 g',1000,'2023-12-31','1','2023-02-02 07:16:15'),(3214,4517,'LDT80H0','4894475100138','LDT - Blue Mini Milk Can 96 g # 10 x 96 g',1000,'2023-12-31','1','2023-02-02 07:16:15'),(3215,4518,'LDT80I0','7610400987172','LDT - Lindor Crystal Heart Tin 96 g # 10 x 96 g',1000,'2023-12-31','1','2023-02-02 07:16:15'),(3216,4519,'LDT80K0','7610400075770','LDT - Grand Dark Hazelnut 150 g # 6 x 13 x 150 g',1000,'2023-12-31','1','2023-02-02 07:16:15'),(3217,4520,'LDT80L0','7610400075787','LDT - Grand Milk Hazelnut 150 g # 6 x 13 x 150 g',1000,'2023-12-31','1','2023-02-02 07:16:15'),(3218,4521,'LDT9010','2009380400002','LDT - Lindor Dark Bulk # 1 X 1 Kg',999,'2023-12-31','1','2023-02-02 07:16:15'),(3219,4522,'LDT9020','38004131','LDT - Lindor Hazelnut Bulk 1Kg # 1 X 1 Kg',1000,'2023-12-31','1','2023-02-02 07:16:15'),(3220,4523,'LDT9030','8000000900005','LDT - Lindor Milk Bulk # 1 X 1 Kg',1000,'2023-12-31','1','2023-02-02 07:16:15'),(3221,4524,'LDT9041','38010828','LDT - Lindor Teddy Tin 8\'s #10x96 gr',999,'2023-12-31','1','2023-02-02 07:16:15'),(3222,4525,'LIP0120','8999999573409','LIP - Delight 24gr # 24 x (15x1.6gr)',1000,'2023-12-31','1','2023-02-02 07:16:15'),(3223,4526,'MAN0100','048176990091','MANT -  SPRAY EXTRA VIRGIN OIL # 6(1x250ml)',1000,'2023-12-31','1','2023-02-02 07:16:15'),(3224,4527,'MCV0100','8906033742455','MCV - Digestive Zero 75g # 120x75g',1000,'2023-12-31','1','2023-02-02 07:16:15'),(3225,4528,'MCV0110','8906033740208','MCV - Butter Cookies 60g # 144x60g',1000,'2023-12-31','1','2023-02-02 07:16:15'),(3226,4529,'MCV0120','8906033741595','MCV - Marie Wholewheat 100g # 96x100g',1000,'2023-12-31','1','2023-02-02 07:16:15'),(3227,4530,'MCV0130','8906033740758','MCV - Digestive 100g # 96x100g',1000,'2023-12-31','1','2023-02-02 07:16:15'),(3228,4531,'MCV0140','8906033740963','MCV - Bourbon 100g #  96x100g',1000,'2023-12-31','1','2023-02-02 07:16:15'),(3229,4532,'MCV0230','5000396037548','MCV - Digestive Dark Choco UK # 24x200',1000,'2023-12-31','1','2023-02-02 07:16:15'),(3230,4533,'MCV0240','5000396037531','MCV - Digestive Milk Choco UK # 24x200',1000,'2023-12-31','1','2023-02-02 07:16:15'),(3231,4534,'MCV0260','5000396033311','MCV - HobNobs Oat Crunch # 10x300',1000,'2023-12-31','1','2023-02-02 07:16:15'),(3232,4535,'MCV0270','5000396022315','MCV - HobNobs Milk Choco Oat # 24x300',1000,'2023-12-31','1','2023-02-02 07:16:15'),(3233,4536,'NAT0140','016000295704','NATY - Apple Crisp 253 g # 12 x 253 g',1000,'2023-12-31','1','2023-02-02 07:16:15'),(3234,4537,'OEP0100','8410076481597','OEP - Tortilla Chips Original  # 10X185G',1000,'2023-12-31','1','2023-02-02 07:16:15'),(3235,4538,'OEP0110','8410076481764','OEP - Tortilla Chips Chili # 10X185G',1000,'2023-12-31','1','2023-02-02 07:16:15'),(3236,4539,'OEP0120','8410076482556','OEP - Tortila Chips Paprika # 10X185G',1000,'2023-12-31','1','2023-02-02 07:16:15'),(3237,4540,'OEP0130','8410076481757','OEP - Tortilla Chips Fajita # 10X185G',1000,'2023-12-31','1','2023-02-02 07:16:15'),(3238,4541,'OVM0100','7612100027158','OVM - Crunchy Cream 380g # 12 x 380g',1000,'2023-12-31','1','2023-02-02 07:16:15'),(3239,4542,'OVM0110','7612100030677','OVM - Crunchy Cream 680g # 6 x 680g',1000,'2023-12-31','1','2023-02-02 07:16:15'),(3240,4543,'STD0120','084380957741','STD - Raspberry 284g # 12 x 284g',1000,'2023-12-31','1','2023-02-02 07:16:15'),(3241,4544,'STK0100','4014400400007','STK - Toffiffee 125g # 15 x 125 g',1000,'2023-12-31','1','2023-02-02 07:16:15'),(3242,4545,'STK0110','4014400900804','STK - Mint Chocs 200g # 15 x 200g',1000,'2023-12-31','1','2023-02-02 07:16:15'),(3243,4546,'STK0120','40144078','STK - Knoppers 75g # 24 x 75g',1000,'2023-12-31','1','2023-02-02 07:16:15'),(3244,4547,'STK0130','40144061','STK - Knoppers 25g # 6 x 24 x 25g',1000,'2023-12-31','1','2023-02-02 07:16:15'),(3245,4548,'STK0140','4014400901191','STK - Mercy Grosse Vielfalt (Red) 250gr # 3 x 10 x 250gr',1000,'2023-12-31','1','2023-02-02 07:16:15'),(3246,4549,'STK0141','4014400900217','STK - Mercy Grosse Vielfalt (red) 400 gr # 8 x 400 gr',1000,'2023-12-31','1','2023-02-02 07:16:15'),(3247,4550,'STK0150','4014400901405','STK - Mercy Helle Viefalt (Blue) 250gr # 3 x 10 x 250gr',1000,'2023-12-31','1','2023-02-02 07:16:15'),(3248,4551,'STK0160','4014400925395','STK - Merci Petits Collection 125g # 12 x 125g',1000,'2023-12-31','1','2023-02-02 07:16:15'),(3249,4552,'STK0170','40144924','STK - Riesen 45g # 4 x 24 x 45g',1000,'2023-12-31','1','2023-02-02 07:16:15'),(3250,4553,'STK0190','4014400902495','STK - Riesen 150g # 15 x 150g',1000,'2023-12-31','1','2023-02-02 07:16:15'),(3251,4554,'STK0200','40144016','STK - Werthers Echte Original 50g # 6 x 24 x 50g',1000,'2023-12-31','1','2023-02-02 07:16:15'),(3252,4555,'STK0210','4014400918083','STK - Werthers Echte Original 90g # 12 x 90g',1000,'2023-12-31','1','2023-02-02 07:16:15'),(3253,4556,'STK0220','4014400918113','STK - Werthers Original Toffee 80g # 12 x 80g',1000,'2023-12-31','1','2023-02-02 07:16:15'),(3254,4557,'STK0230','4014400918205','STK - Werthers Original Caramel Chew 48g # 6 x 24 x 48g',1000,'2023-12-31','1','2023-02-02 07:16:15'),(3255,4558,'STK0240','4014400918106','STK - Werthers Original Creamy Filling80g # 12 x 80g',1000,'2023-12-31','1','2023-02-02 07:16:15'),(3256,4559,'STR0101','38006821','STR - Lady Bird Bag 42g # 12 x 42g',995,'2023-12-31','1','2023-02-02 07:16:15'),(3257,4560,'STR0111','38006845','STR - Sea Life Bag 43g # 12 x 43g',999,'2023-12-31','1','2023-02-02 07:16:15'),(3258,4561,'STR0121','38006852','STR - Farm Life Bag 55g # 12 x 55g',1000,'2023-12-31','1','2023-02-02 07:16:15'),(3259,4562,'STR0131','38006838','STR - Wild Life Bag # 12 x 58g',1000,'2023-12-31','1','2023-02-02 07:16:15'),(3260,4563,'STR0140','4003006010260','STR - Bee Bag  37.5 g # 6 x 36 x 37.5 g',1000,'2023-12-31','1','2023-02-02 07:16:15'),(3261,4564,'STR0150','4003006030749','STR - Sheep Bag  50 g # 6 x 36 x 50 g',1000,'2023-12-31','1','2023-02-02 07:16:15'),(3262,4565,'STR0161','4003006130548','STR - Lady Birds Tub 100 g # 6 x 24 x 100 g',1000,'2023-12-31','1','2023-02-02 07:16:15'),(3263,4566,'STR0171','4003006141032','STR - Soccer Player Tub  # 6 x 24 x 75 g',1000,'2023-12-31','1','2023-02-02 07:16:15'),(3264,4567,'STR0180','4003006129245','STR - Big Box Farm 300 g # 8 x 300 g',1000,'2023-12-31','1','2023-02-02 07:16:15'),(3265,4568,'STR0190','4003006118249','STR - Big Box Wildlife 300 g # 8 x 300 g',1000,'2023-12-31','1','2023-02-02 07:16:15'),(3266,4569,'STR01A0','4003006152243','STR - Big Box Sealife 300 g # 8 x 300 g',1000,'2023-12-31','1','2023-02-02 07:16:15'),(3267,4570,'TWN0100','070177010799','TWN - Darjeeling Tea 50 g # 12 x ( 25 x 2 g)',1000,'2023-12-31','1','2023-02-02 07:16:15'),(3268,4571,'TWN0110','070177010775','TWN - English Breakfast Tea 50 g # 12 x (25 x 2 g)',1000,'2023-12-31','1','2023-02-02 07:16:15'),(3269,4572,'TWN0210','070177173173','TWN - Green Tea Earl Grey 40 g # 12 x (25 x 1.6 g)',1000,'2023-12-31','1','2023-02-02 07:16:15'),(3270,4573,'TWN0220','070177077198','TWN - Lady Grey Tea 50 g # 12 x (25 x 2 g)',1000,'2023-12-31','1','2023-02-02 07:16:15'),(3271,4574,'TWN0230','070177051174','TWN - TWN - Earl Grey Decaf Tea 50 g # 12 x (25x2 g)',1000,'2023-12-31','1','2023-02-02 07:16:15'),(3272,4575,'TWN0260','070177055639','TWN - Peach Tea 50 g # 12 x (25x2 g)',1000,'2023-12-31','1','2023-02-02 07:16:15'),(3273,4576,'TWN0300','070177086664','TWN - Pure  Green Tea 50 g # 12 x (25x2 g)',1000,'2023-12-31','1','2023-02-02 07:16:15'),(3274,4577,'TWN0310','070177173166','TWN - Green Tea Jasmine 45 g # 12 x (25x1.8 g)',1000,'2023-12-31','1','2023-02-02 07:16:15'),(3275,4578,'TWN0340','070177229986','TWN - Green Tea Collection 34 g # 8 x (25x1.7 g)',1000,'2023-12-31','1','2023-02-02 07:16:15'),(3276,4579,'TWN0400','070177118525','TWN - Pure Peppermint 50 g # 12 x (25x2 g)',1000,'2023-12-31','1','2023-02-02 07:16:15'),(3277,4580,'TWN0430','070177118495','TWN - Strawberry & Mango 50gr # 12 x (25x2gr)',1000,'2023-12-31','1','2023-02-02 07:16:15'),(3278,4581,'TWN0500','070177029623','TWN - Black Tea Earl  Grey Tin 100 g # 6 x 100 g',1000,'2023-12-31','1','2023-02-02 07:16:15'),(3279,4582,'TWN0510','070177029630','TWN - English Breakfast Tea Tin 100 g # 6 x 100 g',1000,'2023-12-31','1','2023-02-02 07:16:15'),(3280,4583,'TWN1020','0070177010768','TWN - Promo Pack (Earl Grey+Asf Nat 125g) # 12 X (25x2g)',1000,'2023-12-31','1','2023-02-02 07:16:15'),(3281,4584,'TWN1050','38010132','TWN - Seasonal (English 50g+WNL 100g)#6x150g',1000,'2023-12-31','1','2023-02-02 07:16:15'),(3282,4585,'TWN1070','38010712','TWN - Seasonal Breakfast Box 714gr # 12 x (50gr+380gr+284gr)',1000,'2023-12-31','1','2023-02-02 07:16:15'),(3283,4586,'TWN9910','38008054','TWN - Twn Mug Trumpet 1 Pcs # 1 x 1 Pcs',1000,'2023-12-31','1','2023-02-02 07:16:15'),(3284,4587,'VLR0100','8410109055887','VLR - Dark Chocolate Sugar Free 100 g # 6 x 17 x 100 g',1000,'2023-12-31','1','2023-02-02 07:16:15'),(3285,4588,'VLR0110','8410109055795','VLR - Milk Chocolate No Sugar Added 100 g # 6 x 17 x 100 g',1000,'2023-12-31','1','2023-02-02 07:16:15'),(3286,4589,'VLR0120','8410109050882','VLR - 70% Dark Chocolate Sugar Free 100 g # 6 x 17 x 100 g',1000,'2023-12-31','1','2023-02-02 07:16:15'),(3287,4590,'VLR0130','8410109109832','VLR - 85% Dark Chocolate Sugar Free 100 g # 6 x 17 x 100 g',1000,'2023-12-31','1','2023-02-02 07:16:15'),(3288,4591,'VLR0140','8410109056525','VLR - Dark Chocolate W/ Orange Creamy 100 g # 6 x 17 x 100 g',1000,'2023-12-31','1','2023-02-02 07:16:15'),(3289,4592,'VLR0150','8410109056532','VLR - Dark Chocolate W/ Truffle Creamy 100 g # 6 x 17 x 100 g',1000,'2023-12-31','1','2023-02-02 07:16:15'),(3290,4593,'VOR0120','067312005499','VORT - Sugar Free Fudge Choc Chip 227 g # 12 x 227 g',1000,'2023-12-31','1','2023-02-02 07:16:15'),(3291,4594,'VOR0130','067312005505','VORT - Sugar Free Chocolate Chip 227 g # 12 x 227 g',1000,'2023-12-31','1','2023-02-02 07:16:15'),(3292,4595,'VOR0200','067312005215','VORT - Sugar Free Lemon Wafers 255 g # 12 x 255 g',1000,'2023-12-31','1','2023-02-02 07:16:15'),(3293,4596,'VOR0220','067312005260','VORT - Sugar Free Chocolate Wafers 255 g # 12 x 255 g',1000,'2023-12-31','1','2023-02-02 07:16:15'),(3294,4597,'WDR0100','014113940092','WDR - Pistachios Clas Salt 50 g # 48 x 50 g',1000,'2023-12-31','1','2023-02-02 07:16:15'),(3295,4598,'WDR0110','014113940054','WDR  -Pistachios Clas Salt 168 g # 24 x 168 g',1000,'2023-12-31','1','2023-02-02 07:16:15'),(3296,4599,'WDR0120','014113940023','WDR - Pistachios Clas Salt 454 g # 12 x 454 g',1000,'2023-12-31','1','2023-02-02 07:16:15'),(3297,4600,'WDR0130','014113940214','WDR - Pistachios Clas Salt 400 g # 12 x 400 g',1000,'2023-12-31','1','2023-02-02 07:16:15'),(3298,4601,'WDR0140','014113940108','WDR - Pistachios PPR & GRLC 50 g # 48 x 50 g',1000,'2023-12-31','1','2023-02-02 07:16:15'),(3299,4602,'WDR0150','014113940061','WDR - Pistachios PPR & GRLC 168 g # 24 x 168 g',1000,'2023-12-31','1','2023-02-02 07:16:15'),(3300,4603,'WDR0160','014113940207','WDR - Pistachios Clas No Salt 50 g # 48 x 50 g',1000,'2023-12-31','1','2023-02-02 07:16:15'),(3301,4604,'WDR0170','014113940191','WDR - Pistachios Clas No Salt 300 g# 24 x 300 g',1000,'2023-12-31','1','2023-02-02 07:16:15'),(3302,4605,'WDR0200','014113240055','WDR - Almonds Clas Salt 50 g # 48 x 50 g',1000,'2023-12-31','1','2023-02-02 07:16:15'),(3303,4606,'WDR0210','014113240024','WDR - Almonds Clas Salt 168 g # 24 x 168 g',1000,'2023-12-31','1','2023-02-02 07:16:15'),(3304,4607,'WDR0220','014113240031','WDR - Almonds Clas Salt 318 g # 24 x 318 g',1000,'2023-12-31','1','2023-02-02 07:16:15'),(3305,4608,'WDR0230','014113240116','WDR - Almonds Clas Salt 500 g # 12 x 500 g',1000,'2023-12-31','1','2023-02-02 07:16:15'),(3306,4609,'WNL0110','7610037000893','WNL - Wernli Choco Fin 100 g  # 12 x 100 g',1000,'2023-12-31','1','2023-02-02 07:16:15'),(3307,4610,'WNL0120','7610062041809','WNL - Wernli Choco Belle 100 g # 12 x 100 g',1000,'2023-12-31','1','2023-02-02 07:16:15'),(3308,4611,'WNL0130','7610062080341','WNL - Choco Petit Beurre 125 g # 16 x 125 g',1000,'2023-12-31','1','2023-02-02 07:16:15'),(3309,4612,'WNL0140','7610062091903','WNL - Truffet 100 g # 12 x 100 g',1000,'2023-12-31','1','2023-02-02 07:16:15'),(3310,4613,'WNL0150','7610062000301','WNL - Japonais 100 g # 12 x 100 g',1000,'2023-12-31','1','2023-02-02 07:16:15'),(3311,4614,'WNL0180','07610062092566','WNL - Mini Chocobeau 150 g # 12 x 150 g',1000,'2023-12-31','1','2023-02-02 07:16:15'),(3312,4615,'WNL0191','7610062087135','WNL - Petit Amour 150g # 8 x 150 g',1000,'2023-12-31','1','2023-02-02 07:16:15'),(3313,4616,'WNL0200','7610062001001','WNL - Wernli Jura Waffers 250 g # 12 x 250 g',1000,'2023-12-31','1','2023-02-02 07:16:15'),(3314,4617,'WNL0210','07610062081065','WNL - Jura Waffer mini 130 g # 12 x 130 g',1000,'2023-12-31','1','2023-02-02 07:16:15'),(3315,4618,'WTK0100','94314212','WTK - Peanut Slab 50 g # 4 x 50 x 50 g',1000,'2023-12-31','1','2023-02-02 07:16:15'),(3316,4619,'WTK0110','94314243','WTK - Roasted Almond Gold 45 g # 4 x 50 x 45 g',1000,'2023-12-31','1','2023-02-02 07:16:15'),(3317,4620,'WTK0120','9403142000210','WTK - Almond Gold Multi 135 g # 24 x 135 g',1000,'2023-12-31','1','2023-02-02 07:16:15'),(3318,4621,'WTK0130','9403142000142','WTK - Peanut Slab Multi 150 g # 24 x 150 g',1000,'2023-12-31','1','2023-02-02 07:16:15'),(3319,4622,'WTK0200','9403142002375','WTK - Ghana Peppermint Block 220 g # 12 x 220 g',1000,'2023-12-31','1','2023-02-02 07:16:15'),(3320,4623,'WTK0210','9403142002245','WTK - Hazelnut Block 200 g # 12 x 200 g',1000,'2023-12-31','1','2023-02-02 07:16:15'),(3321,4624,'WTK0220','9403142002467','WTK - Peanut Butter Block 220 g # 12 x 220 g',1000,'2023-12-31','1','2023-02-02 07:16:15'),(3322,4625,'WTK0230','9403142002252','WTK - Almond  Gold Block 200 g # 14 x 200 g',1000,'2023-12-31','1','2023-02-02 07:16:15'),(3323,4626,'WTK0240','9403142002320','WTK - Berry Biscuit Block 200 g # 14 x 200 g',1000,'2023-12-31','1','2023-02-02 07:16:15'),(3324,4627,'WTK0250','9403142002221','WTK - Creamy Milk Block 200 g # 14 x 200 g',1000,'2023-12-31','1','2023-02-02 07:16:15'),(3325,4628,'WTK0260','9403142002269','WTK - Dark Almond Block 200 g # 14 x 200 g',1000,'2023-12-31','1','2023-02-02 07:16:15'),(3326,4629,'WTK0270','9403142002351','WTK - Dark Ghana Block 200 g # 14 x 200 g',1000,'2023-12-31','1','2023-02-02 07:16:15'),(3327,4630,'WTK0280','9403142002214','WTK - Fruit Nut Block 200 g # 14 x 200 g',1000,'2023-12-31','1','2023-02-02 07:16:15'),(3328,4631,'WTK0300','94184648','WTK - Sante 72% Dark Ghana # 9 x 48 x 25 g',1000,'2023-12-31','1','2023-02-02 07:16:15'),(3329,4632,'WTK0310','94314281','WTK - Sante Dark Choco # 9 x 48 x 25 g',1000,'2023-12-31','1','2023-02-02 07:16:15'),(3330,4633,'WTK0320','94314274','WTK - Sante Milk Choco Bar # 9 x 48 x 25 g',1000,'2023-12-31','1','2023-02-02 07:16:15'),(3331,4634,'WTK0330','94314229','WTK - Sante White Choco Bar # 9 x 48 x 25 g',1000,'2023-12-31','1','2023-02-02 07:16:15'),(3332,4635,'WTK0400','9403142000678','WTK - Almond Gold Chunks 50 g # 6 x 36 x 50 g',1000,'2023-12-31','1','2023-02-02 07:16:15'),(3333,4636,'WTK0410','9403142000630','WTK - Berry Biscuit Chunks 50 g # 6 x 36 x 50 g',1000,'2023-12-31','1','2023-02-02 07:16:15'),(3334,4637,'WTK0420','9403142000609','WTK - Creamy Milk Cho Chunk 50 g # 6 x ( 36 x 50 g )',1000,'2023-12-31','1','2023-02-02 07:16:15'),(3335,4638,'WTK0430','9403142000654','WTK - Dark Almond Chunks 50 g # 6 x 36 x 50 g',1000,'2023-12-31','1','2023-02-02 07:16:15'),(3336,4639,'WTK0440','9403142000623','WTK - Dark Choc ChunkS 50 g # 6 x ( 36 x 50 g )',1000,'2023-12-31','1','2023-02-02 07:16:15'),(3337,4640,'WTK0450','9403142000685','WTK - Peppermint Chunks 6 x 36 x 50 g # 6 x 36 x 50 g',1000,'2023-12-31','1','2023-02-02 07:16:15'),(3338,4641,'WTK0460','9403142000661','WTK - Hazelnut Chunks 6 x 36 x 50 g # 6 x 36 x 50 g',1000,'2023-12-31','1','2023-02-02 07:16:15'),(3339,4642,'WTK0470','9403142001361','WTK - 72 % Dark Ghana Chochunks  # 6 x ( 36 x 50 g )',1000,'2023-12-31','1','2023-02-02 07:16:15'),(3340,4643,'WTK0480','9403142000616','WTK - Fruit & Nut Choc Chunks # 6 x ( 36 x 50 g )',1000,'2023-12-31','1','2023-02-02 07:16:15'),(3341,4644,'WTK0490','9403142001088','WTK - White Choc Chunks # 6 x ( 36 x 50 g )',1000,'2023-12-31','1','2023-02-02 07:16:15'),(3342,4645,'WTK0500','9403142001675','WTK - Berry & Biscuit 180 g # 12 x 180 g',1000,'2023-12-31','1','2023-02-02 07:16:15'),(3343,4646,'WTK0510','9403142001668','WTK - Hokey - Pokey 180 g # 12 x 180 g',1000,'2023-12-31','1','2023-02-02 07:16:15'),(3344,4647,'WTR0100','8003535023218','WTR - Bianco Coure 250 g # 12 x 250 g',1000,'2023-12-31','1','2023-02-02 07:16:15'),(3345,4648,'WTR0110','8003535023171','WTR - Golden 250 g # 12 x 250 g',1000,'2023-12-31','1','2023-02-02 07:16:15'),(3346,4649,'WTR0120','8003535020934','WTR - Golden 1 kg # 9 x 1 kg',1000,'2023-12-31','1','2023-02-02 07:16:15'),(3347,4650,'WTR0130','8003535044138','WTR - Noir 250 g # 12 x 250 g',1000,'2023-12-31','1','2023-02-02 07:16:15'),(3348,4651,'WTR0140','8003535023256','WTR - Selection Classic 250 g # 12 x 250 g',1012,'2023-12-31','1','2023-02-02 07:16:15'),(3349,4652,'WTR0150','8003535026578','WTR - Selection Classic 1 kg # 9 x 1 kg',1000,'2023-12-31','1','2023-02-02 07:16:15'),(3350,4653,'WTR0160','8003535022778','WTR - Pyramid Selection 300 g # 6 x 300 g',1000,'2023-12-31','1','2023-02-02 07:16:15'),(3351,4654,'WTR0170','8003535026295','WTR - Selection Ice Bucket 350 g # 5 x 350 g',1000,'2023-12-31','1','2023-02-02 07:16:15'),(3352,4655,'ZAI0100','8004735069594','ZAI - Egg Trio Frozen 60 g # 24 x 60 g',1000,'2023-12-31','1','2023-02-02 07:16:15'),(3353,4656,'ZAI0110','8004735031089','ZAI - Egg Trio Princess 60 g # 24 x 60 g',1000,'2023-12-31','1','2023-02-02 07:16:15'),(3354,4657,'ZAI0120','8004735030662','ZAI - Egg Trio Toy Story # 24 x 60 g',1000,'2023-12-31','1','2023-02-02 07:16:15'),(3355,4658,'ZAI0130','8004735091175','ZAI - Egg Trio Insideout  # 24 x 60 g',1000,'2023-12-31','1','2023-02-02 07:16:15'),(3356,4659,'ZAI0140','8004735101034','ZAI - Egg Trio Mickey 60 g # 24 x 60 g',1000,'2023-12-31','1','2023-02-02 07:16:15'),(3357,4660,'ZAI0150','8004735031218','ZAI - Egg Trio Cars 60 g # 24 x 60 g',1000,'2023-12-31','1','2023-02-02 07:16:15'),(3358,4661,'ZAI0160','8004735101041','ZAI - Egg Trio Sofia 60 g # 24 x 60 g',1000,'2023-12-31','1','2023-02-02 07:16:15'),(3359,4662,'ZAI0170','8004735031621','ZAI - Egg Trio Minnie 60 g # 24 x 60 g',1000,'2023-12-31','1','2023-02-02 07:16:15'),(3360,4663,'ZAI0180','8004735096545','ZAI - Egg Trio Tsum - Tsum 60 g # 24 x 60 g',1000,'2023-12-31','1','2023-02-02 07:16:15'),(3361,4664,'ZAI0190','8004735092547','ZAI - Egg Trio Hello Kitty 60 g # 24 x 60 g',1000,'2023-12-31','1','2023-02-02 07:16:15'),(3362,4665,'ZAI01A0','8004735109184','ZAI - Pororo Trio Eggs 60 g # 24 x 60 g',1000,'2023-12-31','1','2023-02-02 07:16:15'),(3363,4666,'ZAI01B0','8004735111163','ZAI - Hot Wheels Trio Eggs 60 g # 24 x 60 g',1000,'2023-12-31','1','2023-02-02 07:16:15'),(3364,4667,'ZAI01C0','8004735093933','ZAI - Barbie Trio Eggs 60 g # 24 x 60 g',1000,'2023-12-31','1','2023-02-02 07:16:15'),(3365,4668,'ZAI01D0','8004735094473','ZAI - Paw Patrol Trio Eggs 60 g # 24 X 60 g',1000,'2023-12-31','1','2023-02-02 07:16:15'),(3366,4669,'ZAI01E0','8004735110579','ZAI - Pj Masks Trio Eggs 60 g # 24 x 60 g',1000,'2023-12-31','1','2023-02-02 07:16:15'),(3367,4670,'ZAI01F0','8004735106183','ZAI - Tayo Trio Eggs 60 g # 24 x 60 g',1000,'2023-12-31','1','2023-02-02 07:16:15'),(3368,4671,'ZAI0200','80838876','ZAI - Crockki Mickey 18 g # 2 x 24 x 18 g',1000,'2023-12-31','1','2023-02-02 07:16:15'),(3369,4672,'ZAI0211','80774914','ZAI - Crockki Minnie 18 g # 2 x 24 x 18 g',1000,'2023-12-31','1','2023-02-02 07:16:15'),(3370,4673,'ZAI0220','80871170','ZAI - Crockki Frozen 18 g # 2 x 24 x 18 g',1000,'2023-12-31','1','2023-02-02 07:16:15'),(3371,4674,'ZAI0230','80884415','ZAI - Crockki Cars 18 g # 2 x 24 x 18 g',1000,'2023-12-31','1','2023-02-02 07:16:15'),(3372,4675,'ZAI0240','80985754','ZAI - Crockki Tsum - Tsum 18 g # 2 x 24 x 18 g',1000,'2023-12-31','1','2023-02-02 07:16:15'),(3373,4676,'ZAI0400','8004735065206','ZAI - Ciocobisco # 18 x 100 g',1000,'2023-12-31','1','2023-02-02 07:16:15'),(3374,4677,'ZAI0410','8004735065237','ZAI - Noughita # 18 x 100 g',1024,'2023-12-31','1','2023-02-02 07:16:15'),(3375,4678,'ZAI0421','8004735108064','ZAI - Boero Cherry  # 12 X 210 g',1000,'2023-12-31','1','2023-02-02 07:16:15'),(3539,4387,'DCG0500','1509200831029','FA-Parcel Type B (DCG0500-20)',3,'2023-04-11','1','2023-02-02 07:18:46'),(3540,4387,'DCG0500','1509200831029','FA-Parcel Type B (DCG0500-21)',1,'2023-05-31','1','2023-02-02 07:19:35'),(3541,4387,'DCG0500','1509200831029','FA-Parcel Type B (DCG0500-20)',6,'2023-03-29','1','2023-02-02 07:22:42'),(3542,4340,'CAO0110','7612100019184',NULL,6,'2024-06-14',NULL,'2023-02-03 02:08:07'),(3543,4500,'LDT0910','7610400068369',NULL,24,'2023-03-13',NULL,'2023-02-03 02:08:07'),(3544,4501,'LDT0920','7610400014649',NULL,24,'2023-03-31',NULL,'2023-02-03 02:08:07'),(3545,4611,'WNL0130','7610062080341',NULL,16,'2023-04-29',NULL,'2023-02-03 02:08:07'),(3546,4614,'WNL0180','07610062092566',NULL,12,'2023-10-05',NULL,'2023-02-03 02:08:07');
/*!40000 ALTER TABLE `p_item_detail` ENABLE KEYS */;
UNLOCK TABLES;

--
-- Table structure for table `p_item_produksi`
--

DROP TABLE IF EXISTS `p_item_produksi`;
/*!40101 SET @saved_cs_client     = @@character_set_client */;
/*!40101 SET character_set_client = utf8 */;
CREATE TABLE `p_item_produksi` (
  `id` int(11) NOT NULL AUTO_INCREMENT,
  `item_code` varchar(255) NOT NULL,
  PRIMARY KEY (`id`)
) ENGINE=InnoDB AUTO_INCREMENT=3 DEFAULT CHARSET=latin1;
/*!40101 SET character_set_client = @saved_cs_client */;

--
-- Dumping data for table `p_item_produksi`
--

LOCK TABLES `p_item_produksi` WRITE;
/*!40000 ALTER TABLE `p_item_produksi` DISABLE KEYS */;
INSERT INTO `p_item_produksi` VALUES (1,'DCG0500'),(2,'DCG0600');
/*!40000 ALTER TABLE `p_item_produksi` ENABLE KEYS */;
UNLOCK TABLES;

--
-- Table structure for table `p_unit`
--

DROP TABLE IF EXISTS `p_unit`;
/*!40101 SET @saved_cs_client     = @@character_set_client */;
/*!40101 SET character_set_client = utf8 */;
CREATE TABLE `p_unit` (
  `unit_id` int(11) NOT NULL AUTO_INCREMENT,
  `name` varchar(100) NOT NULL,
  `created` datetime NOT NULL DEFAULT current_timestamp(),
  `updated` datetime DEFAULT NULL,
  PRIMARY KEY (`unit_id`)
) ENGINE=InnoDB AUTO_INCREMENT=6 DEFAULT CHARSET=utf8mb4;
/*!40101 SET character_set_client = @saved_cs_client */;

--
-- Dumping data for table `p_unit`
--

LOCK TABLES `p_unit` WRITE;
/*!40000 ALTER TABLE `p_unit` DISABLE KEYS */;
INSERT INTO `p_unit` VALUES (5,'Pcs','2022-12-05 15:21:15',NULL);
/*!40000 ALTER TABLE `p_unit` ENABLE KEYS */;
UNLOCK TABLES;

--
-- Table structure for table `supplier`
--

DROP TABLE IF EXISTS `supplier`;
/*!40101 SET @saved_cs_client     = @@character_set_client */;
/*!40101 SET character_set_client = utf8 */;
CREATE TABLE `supplier` (
  `supplier_id` int(11) NOT NULL AUTO_INCREMENT,
  `name` varchar(100) NOT NULL,
  `phone` varchar(15) NOT NULL,
  `address` varchar(200) NOT NULL,
  `description` text DEFAULT NULL,
  `created` datetime NOT NULL DEFAULT current_timestamp(),
  `updated` datetime DEFAULT NULL,
  PRIMARY KEY (`supplier_id`)
) ENGINE=InnoDB AUTO_INCREMENT=7 DEFAULT CHARSET=utf8mb4;
/*!40101 SET character_set_client = @saved_cs_client */;

--
-- Dumping data for table `supplier`
--

LOCK TABLES `supplier` WRITE;
/*!40000 ALTER TABLE `supplier` DISABLE KEYS */;
INSERT INTO `supplier` VALUES (1,'Toko A','0295382222','Pati',NULL,'2019-03-17 09:31:37',NULL),(2,'Toko B','021433488','Jakarta','Toko ATK Terbesar','2019-03-17 09:31:37',NULL),(4,'Toko C','0215454','Kudus\r\n','Toko Oke','2019-03-17 09:59:41','2019-03-17 10:10:58'),(6,'Pandurasa Kharisma','0216505335','Podomoro, Jalan Indokarya 2, Jl. Sunter Agung Utara No.5, RT.7/RW.4, Papanggo, Kec. Tj. Priok, Kota Jkt Utara, Daerah Khusus Ibukota Jakarta 14340','Suplier','2022-12-05 16:11:36',NULL);
/*!40000 ALTER TABLE `supplier` ENABLE KEYS */;
UNLOCK TABLES;

--
-- Table structure for table `t_cart`
--

DROP TABLE IF EXISTS `t_cart`;
/*!40101 SET @saved_cs_client     = @@character_set_client */;
/*!40101 SET character_set_client = utf8 */;
CREATE TABLE `t_cart` (
  `cart_id` int(11) NOT NULL,
  `item_id` int(11) NOT NULL,
  `item_id_detail` int(11) DEFAULT NULL,
  `item_expired` date DEFAULT NULL,
  `item_expired_2` datetime DEFAULT NULL,
  `price` float NOT NULL,
  `qty` float NOT NULL,
  `discount_item` float NOT NULL DEFAULT 0,
  `discount_percent` int(11) DEFAULT 0,
  `total` float NOT NULL,
  `user_id` int(11) NOT NULL,
  PRIMARY KEY (`cart_id`),
  KEY `item_id` (`item_id`),
  KEY `user_id` (`user_id`),
  CONSTRAINT `t_cart_ibfk_1` FOREIGN KEY (`item_id`) REFERENCES `p_item` (`item_id`) ON DELETE CASCADE ON UPDATE CASCADE,
  CONSTRAINT `t_cart_ibfk_2` FOREIGN KEY (`user_id`) REFERENCES `user` (`user_id`) ON DELETE CASCADE ON UPDATE CASCADE
) ENGINE=InnoDB DEFAULT CHARSET=utf8mb4;
/*!40101 SET character_set_client = @saved_cs_client */;

--
-- Dumping data for table `t_cart`
--

LOCK TABLES `t_cart` WRITE;
/*!40000 ALTER TABLE `t_cart` DISABLE KEYS */;
INSERT INTO `t_cart` VALUES (1,4383,3080,'2023-12-31','2023-12-31 00:00:00',475000,1,0,0,475000,2),(2,4522,3219,'2023-12-31','2023-12-31 00:00:00',83250,1,0,0,83250,2);
/*!40000 ALTER TABLE `t_cart` ENABLE KEYS */;
UNLOCK TABLES;

--
-- Table structure for table `t_cart_produksi`
--

DROP TABLE IF EXISTS `t_cart_produksi`;
/*!40101 SET @saved_cs_client     = @@character_set_client */;
/*!40101 SET character_set_client = utf8 */;
CREATE TABLE `t_cart_produksi` (
  `id` int(11) NOT NULL AUTO_INCREMENT,
  `item_id` int(11) NOT NULL,
  `item_id_detail` int(11) NOT NULL,
  `qty` int(11) NOT NULL,
  `exp_date` datetime NOT NULL,
  `created_by` varchar(255) DEFAULT NULL,
  `created_at` timestamp NOT NULL DEFAULT current_timestamp(),
  PRIMARY KEY (`id`)
) ENGINE=InnoDB AUTO_INCREMENT=101 DEFAULT CHARSET=latin1;
/*!40101 SET character_set_client = @saved_cs_client */;

--
-- Dumping data for table `t_cart_produksi`
--

LOCK TABLES `t_cart_produksi` WRITE;
/*!40000 ALTER TABLE `t_cart_produksi` DISABLE KEYS */;
/*!40000 ALTER TABLE `t_cart_produksi` ENABLE KEYS */;
UNLOCK TABLES;

--
-- Table structure for table `t_cart_stockout`
--

DROP TABLE IF EXISTS `t_cart_stockout`;
/*!40101 SET @saved_cs_client     = @@character_set_client */;
/*!40101 SET character_set_client = utf8 */;
CREATE TABLE `t_cart_stockout` (
  `id` int(11) NOT NULL AUTO_INCREMENT,
  `item_id` int(11) NOT NULL,
  `item_id_detail` int(11) NOT NULL,
  `qty` int(11) NOT NULL,
  `exp_date` datetime NOT NULL,
  `info` varchar(255) DEFAULT NULL,
  `created_by` varchar(255) DEFAULT NULL,
  `created_at` timestamp NOT NULL DEFAULT current_timestamp(),
  PRIMARY KEY (`id`)
) ENGINE=InnoDB AUTO_INCREMENT=28 DEFAULT CHARSET=latin1;
/*!40101 SET character_set_client = @saved_cs_client */;

--
-- Dumping data for table `t_cart_stockout`
--

LOCK TABLES `t_cart_stockout` WRITE;
/*!40000 ALTER TABLE `t_cart_stockout` DISABLE KEYS */;
/*!40000 ALTER TABLE `t_cart_stockout` ENABLE KEYS */;
UNLOCK TABLES;

--
-- Table structure for table `t_cart_transfer_stockin`
--

DROP TABLE IF EXISTS `t_cart_transfer_stockin`;
/*!40101 SET @saved_cs_client     = @@character_set_client */;
/*!40101 SET character_set_client = utf8 */;
CREATE TABLE `t_cart_transfer_stockin` (
  `docnum` varchar(255) DEFAULT NULL,
  `whs_code_send` varchar(255) DEFAULT NULL,
  `whs_code_rec` varchar(255) DEFAULT NULL,
  `item_code` varchar(255) DEFAULT NULL,
  `barcode` varchar(255) DEFAULT NULL,
  `item_name` varchar(255) DEFAULT NULL,
  `exp_date` datetime DEFAULT NULL,
  `qty` float DEFAULT NULL,
  `created_by` varchar(255) DEFAULT NULL,
  `created_at` datetime DEFAULT NULL,
  `created` datetime DEFAULT current_timestamp(),
  `user_id` int(11) DEFAULT NULL
) ENGINE=InnoDB DEFAULT CHARSET=utf8mb4;
/*!40101 SET character_set_client = @saved_cs_client */;

--
-- Dumping data for table `t_cart_transfer_stockin`
--

LOCK TABLES `t_cart_transfer_stockin` WRITE;
/*!40000 ALTER TABLE `t_cart_transfer_stockin` DISABLE KEYS */;
/*!40000 ALTER TABLE `t_cart_transfer_stockin` ENABLE KEYS */;
UNLOCK TABLES;

--
-- Table structure for table `t_cart_transfer_stockout`
--

DROP TABLE IF EXISTS `t_cart_transfer_stockout`;
/*!40101 SET @saved_cs_client     = @@character_set_client */;
/*!40101 SET character_set_client = utf8 */;
CREATE TABLE `t_cart_transfer_stockout` (
  `id` int(11) NOT NULL AUTO_INCREMENT,
  `item_id` int(11) DEFAULT NULL,
  `item_id_detail` int(11) DEFAULT NULL,
  `qty` float DEFAULT NULL,
  `exp_date` datetime DEFAULT NULL,
  `created_by` int(11) DEFAULT NULL,
  PRIMARY KEY (`id`)
) ENGINE=InnoDB AUTO_INCREMENT=57 DEFAULT CHARSET=utf8mb4;
/*!40101 SET character_set_client = @saved_cs_client */;

--
-- Dumping data for table `t_cart_transfer_stockout`
--

LOCK TABLES `t_cart_transfer_stockout` WRITE;
/*!40000 ALTER TABLE `t_cart_transfer_stockout` DISABLE KEYS */;
/*!40000 ALTER TABLE `t_cart_transfer_stockout` ENABLE KEYS */;
UNLOCK TABLES;

--
-- Table structure for table `t_header_stock`
--

DROP TABLE IF EXISTS `t_header_stock`;
/*!40101 SET @saved_cs_client     = @@character_set_client */;
/*!40101 SET character_set_client = utf8 */;
CREATE TABLE `t_header_stock` (
  `id` int(11) NOT NULL AUTO_INCREMENT,
  `stock_code` varchar(255) DEFAULT NULL,
  `jenis_stock` varchar(255) DEFAULT NULL,
  `created_by` varchar(255) DEFAULT NULL,
  `created_at` timestamp NOT NULL DEFAULT current_timestamp(),
  PRIMARY KEY (`id`)
) ENGINE=InnoDB AUTO_INCREMENT=3 DEFAULT CHARSET=latin1;
/*!40101 SET character_set_client = @saved_cs_client */;

--
-- Dumping data for table `t_header_stock`
--

LOCK TABLES `t_header_stock` WRITE;
/*!40000 ALTER TABLE `t_header_stock` DISABLE KEYS */;
INSERT INTO `t_header_stock` VALUES (1,'FA12-IN-2301130001',NULL,NULL,'2023-01-13 09:43:46'),(2,'FA12-OUT-2301130001',NULL,NULL,'2023-01-13 10:09:56');
/*!40000 ALTER TABLE `t_header_stock` ENABLE KEYS */;
UNLOCK TABLES;

--
-- Table structure for table `t_sale`
--

DROP TABLE IF EXISTS `t_sale`;
/*!40101 SET @saved_cs_client     = @@character_set_client */;
/*!40101 SET character_set_client = utf8 */;
CREATE TABLE `t_sale` (
  `sale_id` int(11) NOT NULL AUTO_INCREMENT,
  `id_toko` int(11) DEFAULT NULL,
  `invoice` varchar(50) NOT NULL,
  `customer_id` int(11) DEFAULT NULL,
  `total_price` float NOT NULL,
  `discount` float NOT NULL,
  `final_price` float NOT NULL,
  `total_item_value` float DEFAULT NULL,
  `tax` float NOT NULL,
  `service` float NOT NULL,
  `total_bayar` float NOT NULL,
  `type_bayar` varchar(10) NOT NULL,
  `nomor_kartu` varchar(50) NOT NULL,
  `jenis_kartu` varchar(100) NOT NULL,
  `nama_pemilik_kartu` varchar(200) NOT NULL,
  `cash` float NOT NULL,
  `remaining` float NOT NULL,
  `note` text NOT NULL,
  `date` date NOT NULL,
  `user_id` int(11) NOT NULL,
  `created` datetime NOT NULL DEFAULT current_timestamp(),
  `printed` int(11) DEFAULT 0,
  PRIMARY KEY (`sale_id`)
) ENGINE=InnoDB AUTO_INCREMENT=182 DEFAULT CHARSET=utf8mb4;
/*!40101 SET character_set_client = @saved_cs_client */;

--
-- Dumping data for table `t_sale`
--

LOCK TABLES `t_sale` WRITE;
/*!40000 ALTER TABLE `t_sale` DISABLE KEYS */;
INSERT INTO `t_sale` VALUES (168,5,'FA23-2302030001',NULL,475000,0,475000,475000,47072.1,0,475000,'1','','','',475000,0,'','2023-02-03',1,'2023-02-03 09:16:03',6),(169,5,'FA23-2302030002',NULL,110193,0,110193,110192,10920,0,120000,'1','','','',120000,9807,'','2023-02-03',1,'2023-02-03 13:32:42',1),(170,5,'FA23-2302030003',NULL,585000,0,585000,585000,57973,0,585000,'1','','','',585000,0,'','2023-02-03',1,'2023-02-03 17:20:45',0),(171,5,'FA23-2302030004',NULL,207470,1000,207470,203470,20560.1,5000,210000,'1','','','',210000,2530,'','2023-02-03',1,'2023-02-03 17:22:29',0),(172,5,'FA23-2302030005',NULL,98824,20000,98824,113824,9793.37,5000,100000,'1','','','',100000,1176,'','2023-02-03',1,'2023-02-03 17:29:35',0),(173,5,'FA23-2302030006',NULL,237918,25000,237918,257918,23577.5,5000,250000,'1','','','',250000,12082,'','2023-02-03',1,'2023-02-03 17:39:05',0),(174,5,'FA23-2302030007',NULL,237918,25000,237918,257918,23577.5,5000,257918,'1','','','',257918,20000,'','2023-02-03',1,'2023-02-03 18:06:07',0),(175,5,'FA23-2302040001',NULL,791500,0,791500,791500,78436.9,0,791500,'1','','','',791500,0,'','2023-02-04',2,'2023-02-04 11:32:47',0),(176,5,'FA23-2302040002',NULL,475000,0,475000,475000,47072.1,0,475000,'1','','','',475000,0,'','2023-02-04',2,'2023-02-04 11:38:22',0),(177,5,'FA23-2302040003',NULL,1577500,0,1577500,1577500,156329,0,1577500,'2','6546546546546546','','ari',1577500,0,'','2023-02-04',1,'2023-02-04 13:57:38',0),(178,5,'FA23-2302040004',NULL,160820,0,160820,160820,15937.1,0,160820,'1','','','',160820,0,'','2023-02-04',1,'2023-02-04 14:01:20',0),(179,5,'FA23-2302040005',NULL,120000,0,120000,120000,11891.9,0,120000,'1','','','',120000,0,'','2023-02-04',1,'2023-02-04 20:43:42',0),(180,5,'FA23-2302040006',NULL,147840,0,147840,147840,14650.8,0,147840,'1','','','',147840,0,'','2023-02-04',1,'2023-02-04 20:46:32',0),(181,5,'FA23-2302040007',NULL,827500,150000,827500,972500,82004.5,5000,900000,'1','','','',900000,72500,'','2023-02-04',1,'2023-02-04 23:00:02',0);
/*!40000 ALTER TABLE `t_sale` ENABLE KEYS */;
UNLOCK TABLES;

--
-- Table structure for table `t_sale_detail`
--

DROP TABLE IF EXISTS `t_sale_detail`;
/*!40101 SET @saved_cs_client     = @@character_set_client */;
/*!40101 SET character_set_client = utf8 */;
CREATE TABLE `t_sale_detail` (
  `detail_id` int(11) NOT NULL AUTO_INCREMENT,
  `sale_id` int(11) NOT NULL,
  `item_id` int(11) NOT NULL,
  `item_id_detail` int(11) DEFAULT NULL,
  `price` float NOT NULL,
  `qty` float NOT NULL,
  `exp_date` datetime DEFAULT NULL,
  `exp_date_2` datetime DEFAULT NULL,
  `discount_item` float NOT NULL,
  `total` float NOT NULL,
  PRIMARY KEY (`detail_id`),
  KEY `item_id` (`item_id`),
  CONSTRAINT `t_sale_detail_ibfk_1` FOREIGN KEY (`item_id`) REFERENCES `p_item` (`item_id`)
) ENGINE=InnoDB AUTO_INCREMENT=358 DEFAULT CHARSET=utf8mb4;
/*!40101 SET character_set_client = @saved_cs_client */;

--
-- Dumping data for table `t_sale_detail`
--

LOCK TABLES `t_sale_detail` WRITE;
/*!40000 ALTER TABLE `t_sale_detail` DISABLE KEYS */;
INSERT INTO `t_sale_detail` VALUES (327,168,4383,3080,475000,1,'2023-12-31 00:00:00','2023-12-31 00:00:00',0,475000),(328,169,4490,3187,24220,2,'2023-12-31 00:00:00','2023-12-31 00:00:00',0,48440),(329,169,4480,3177,72650,1,'2023-12-31 00:00:00','2023-12-31 00:00:00',10897.5,61752.5),(330,170,4383,3080,475000,1,'2023-12-31 00:00:00','2023-12-31 00:00:00',0,475000),(331,170,4384,3081,110000,1,'2023-12-31 00:00:00','2023-12-31 00:00:00',0,110000),(332,171,4521,3218,83250,1,'2023-12-31 00:00:00','2023-12-31 00:00:00',0,83250),(333,171,4524,3221,96000,1,'2023-12-31 00:00:00','2023-12-31 00:00:00',0,96000),(334,171,4489,3186,24220,1,'2023-12-31 00:00:00','2023-12-31 00:00:00',0,24220),(335,172,4489,3186,24220,2,'2023-12-31 00:00:00','2023-12-31 00:00:00',3633,41174),(336,172,4482,3179,72650,1,'2023-12-31 00:00:00','2023-12-31 00:00:00',0,72650),(337,173,4489,3186,24220,2,'2023-12-31 00:00:00','2023-12-31 00:00:00',0,48440),(338,173,4484,3181,72650,3,'2023-12-31 00:00:00','2023-12-31 00:00:00',10897.5,185258),(339,173,4488,3185,24220,1,'2023-12-31 00:00:00','2023-12-31 00:00:00',0,24220),(340,174,4484,3181,72650,3,'2023-12-31 00:00:00','2023-12-31 00:00:00',10897.5,185258),(341,174,4488,3185,24220,1,'2023-12-31 00:00:00','2023-12-31 00:00:00',0,24220),(342,174,4489,3186,24220,2,'2023-12-31 00:00:00','2023-12-31 00:00:00',0,48440),(343,175,4386,3083,395000,2,'2023-12-31 00:00:00','2023-12-31 00:00:00',59250,671500),(344,175,4393,3090,120000,1,'2023-12-31 00:00:00','2023-12-31 00:00:00',0,120000),(345,176,4383,3080,475000,1,'2023-12-31 00:00:00','2023-12-31 00:00:00',0,475000),(346,177,4383,3080,475000,2,'2023-12-31 00:00:00','2023-12-31 00:00:00',0,950000),(347,177,4385,3082,152500,1,'2023-12-31 00:00:00','2023-12-31 00:00:00',0,152500),(348,177,4394,3091,475000,1,'2023-12-31 00:00:00','2023-12-31 00:00:00',0,475000),(349,178,4559,3256,37840,5,'2023-12-31 00:00:00','2023-12-31 00:00:00',5676,160820),(350,178,4449,3146,0,1,'2023-12-31 00:00:00','2023-12-31 00:00:00',0,0),(351,178,4448,3145,0,1,'2023-12-31 00:00:00','2023-12-31 00:00:00',0,0),(352,179,4393,3090,120000,1,'2023-12-31 00:00:00','2023-12-31 00:00:00',0,120000),(353,180,4402,3099,110000,1,'2023-12-31 00:00:00','2023-12-31 00:00:00',0,110000),(354,180,4560,3257,37840,1,'2023-12-31 00:00:00','2023-12-31 00:00:00',0,37840),(355,181,4405,3102,110000,5,'2023-12-31 00:00:00','2023-12-31 00:00:00',16500,467500),(356,181,4406,3103,110000,1,'2023-12-31 00:00:00','2023-12-31 00:00:00',0,110000),(357,181,4386,3083,395000,1,'2023-12-31 00:00:00','2023-12-31 00:00:00',0,395000);
/*!40000 ALTER TABLE `t_sale_detail` ENABLE KEYS */;
UNLOCK TABLES;

--
-- Table structure for table `t_stock`
--

DROP TABLE IF EXISTS `t_stock`;
/*!40101 SET @saved_cs_client     = @@character_set_client */;
/*!40101 SET character_set_client = utf8 */;
CREATE TABLE `t_stock` (
  `stock_id` int(11) NOT NULL AUTO_INCREMENT,
  `doc_id` varchar(255) DEFAULT NULL,
  `item_code` varchar(255) DEFAULT NULL,
  `whs_code` varchar(255) DEFAULT NULL,
  `docnum` int(11) DEFAULT NULL,
  `item_id` int(11) NOT NULL,
  `item_id_detail` int(11) DEFAULT NULL,
  `barcode` varchar(255) DEFAULT NULL,
  `type` enum('in','out') NOT NULL,
  `detail` varchar(200) NOT NULL,
  `info` varchar(255) DEFAULT NULL,
  `docnum_transfer` varchar(255) DEFAULT NULL,
  `supplier_id` int(11) DEFAULT NULL,
  `qty` int(10) NOT NULL,
  `expired_date` date DEFAULT NULL,
  `date` date NOT NULL,
  `created` datetime NOT NULL DEFAULT current_timestamp(),
  `user_id` int(11) NOT NULL,
  `id_item_produksi` int(11) DEFAULT NULL,
  PRIMARY KEY (`stock_id`),
  KEY `item_id` (`item_id`),
  KEY `supplier_id` (`supplier_id`),
  KEY `user_id` (`user_id`),
  CONSTRAINT `t_stock_ibfk_1` FOREIGN KEY (`item_id`) REFERENCES `p_item` (`item_id`) ON DELETE CASCADE ON UPDATE CASCADE,
  CONSTRAINT `t_stock_ibfk_2` FOREIGN KEY (`supplier_id`) REFERENCES `supplier` (`supplier_id`),
  CONSTRAINT `t_stock_ibfk_3` FOREIGN KEY (`user_id`) REFERENCES `user` (`user_id`)
) ENGINE=InnoDB AUTO_INCREMENT=378 DEFAULT CHARSET=utf8mb4;
/*!40101 SET character_set_client = @saved_cs_client */;

--
-- Dumping data for table `t_stock`
--

LOCK TABLES `t_stock` WRITE;
/*!40000 ALTER TABLE `t_stock` DISABLE KEYS */;
INSERT INTO `t_stock` VALUES (338,'ST202302020001','DCG0100',NULL,NULL,4383,159,'00004','out','stock out','bahan baku produksi',NULL,NULL,3,'2023-12-30','0000-00-00','2023-02-02 13:46:44',1,20),(339,'ST202302020001','DCG0200',NULL,NULL,4384,160,'0022','out','stock out','bahan baku produksi',NULL,NULL,2,'2023-12-30','0000-00-00','2023-02-02 13:46:44',1,20),(340,'ST202302020002','DCG0500',NULL,NULL,4387,NULL,'1509200831029','in','stock in','stock in produksi',NULL,NULL,5,'2023-02-28','0000-00-00','2023-02-02 13:46:44',1,20),(341,'ST202302020003','DCG0100',NULL,NULL,4383,3080,'00004','out','stock out','bahan baku produksi',NULL,NULL,3,'2023-12-31','0000-00-00','2023-02-02 14:18:46',1,20),(342,'ST202302020003','DCG0200',NULL,NULL,4384,3081,'0022','out','stock out','bahan baku produksi',NULL,NULL,2,'2023-12-31','0000-00-00','2023-02-02 14:18:46',1,20),(343,'ST202302020004','DCG0500',NULL,NULL,4387,NULL,'1509200831029','in','stock in','stock in produksi',NULL,NULL,3,'2023-04-11','0000-00-00','2023-02-02 14:18:46',1,20),(344,'ST202302020005','DCG0400',NULL,NULL,4386,3083,'0049','out','stock out','bahan baku produksi',NULL,NULL,5,'2023-12-31','0000-00-00','2023-02-02 14:19:35',1,21),(345,'ST202302020006','DCG0500',NULL,NULL,4387,NULL,'1509200831029','in','stock in','stock in produksi',NULL,NULL,1,'2023-05-31','0000-00-00','2023-02-02 14:19:35',1,21),(346,'ST202302020007','DCG0100',NULL,NULL,4383,3080,'00004','out','stock out','bahan baku produksi',NULL,NULL,3,'2023-12-31','0000-00-00','2023-02-02 14:22:42',1,20),(347,'ST202302020007','DCG0200',NULL,NULL,4384,3081,'0022','out','stock out','bahan baku produksi',NULL,NULL,2,'2023-12-31','0000-00-00','2023-02-02 14:22:42',1,20),(348,'ST202302020008','DCG0500',NULL,NULL,4387,NULL,'1509200831029','in','stock in','stock in produksi',NULL,NULL,6,'2023-03-29','0000-00-00','2023-02-02 14:22:42',1,20),(349,'ST202302020009','DCG0300',NULL,NULL,4385,3082,'00330006','out','stock out','transfer stock out','DG202302020001',NULL,500,'2023-12-31','0000-00-00','2023-02-02 16:13:25',1,NULL),(350,'ST202302020010','DCG0300','WH06.07',NULL,4385,NULL,'00330006','in','stock in','transfer stock in','DG202302020001',NULL,500,'2023-12-31','0000-00-00','2023-02-02 16:14:06',1,NULL),(351,'ST202302020011','DCG0300','WH06.07',NULL,4385,NULL,'00330006','in','stock in','transfer stock in','DG202302020001',NULL,500,'2023-12-31','0000-00-00','2023-02-02 19:09:17',1,NULL),(352,'ST202302020012','DCG0300','WH06.07',NULL,4385,NULL,'00330006','in','stock in','transfer stock in','DG202302020001',NULL,500,'2023-12-31','0000-00-00','2023-02-02 19:09:34',1,NULL),(353,'ST202302020013','DCG1100',NULL,NULL,4393,3090,'38000255','out','stock out','transfer stock out','DG202302020002',NULL,50,'2023-12-31','0000-00-00','2023-02-02 19:30:19',1,NULL),(354,'ST202302020013','DCG1200',NULL,NULL,4394,3091,'38000300','out','stock out','transfer stock out','DG202302020002',NULL,50,'2023-12-31','0000-00-00','2023-02-02 19:30:19',1,NULL),(355,'ST202302020013','DCG1300',NULL,NULL,4395,3092,'38000317','out','stock out','transfer stock out','DG202302020002',NULL,50,'2023-12-31','0000-00-00','2023-02-02 19:30:19',1,NULL),(356,'ST202302020014','DCG1100','WH06.07',NULL,4393,NULL,'38000255','in','stock in','transfer stock in','DG202302020002',NULL,50,'2023-12-31','0000-00-00','2023-02-02 19:32:31',1,NULL),(357,'ST202302020014','DCG1200','WH06.07',NULL,4394,NULL,'38000300','in','stock in','transfer stock in','DG202302020002',NULL,50,'2023-12-31','0000-00-00','2023-02-02 19:32:31',1,NULL),(358,'ST202302020014','DCG1300','WH06.07',NULL,4395,NULL,'38000317','in','stock in','transfer stock in','DG202302020002',NULL,50,'2023-12-31','0000-00-00','2023-02-02 19:32:31',1,NULL),(359,'ST202302020015','DCG1100','WH06.07',NULL,4393,NULL,'38000255','in','stock in','transfer stock in','DG202302020002',NULL,50,'2023-12-31','0000-00-00','2023-02-02 19:33:11',1,NULL),(360,'ST202302020015','DCG1200','WH06.07',NULL,4394,NULL,'38000300','in','stock in','transfer stock in','DG202302020002',NULL,50,'2023-12-31','0000-00-00','2023-02-02 19:33:11',1,NULL),(361,'ST202302020015','DCG1300','WH06.07',NULL,4395,NULL,'38000317','in','stock in','transfer stock in','DG202302020002',NULL,50,'2023-12-31','0000-00-00','2023-02-02 19:33:11',1,NULL),(362,'ST202302020016','DCG1100','WH06.07',NULL,4393,NULL,'38000255','in','stock in','transfer stock in','DG202302020002',NULL,50,'2023-12-31','0000-00-00','2023-02-02 20:04:02',1,NULL),(363,'ST202302020016','DCG1200','WH06.07',NULL,4394,NULL,'38000300','in','stock in','transfer stock in','DG202302020002',NULL,50,'2023-12-31','0000-00-00','2023-02-02 20:04:02',1,NULL),(364,'ST202302020016','DCG1300','WH06.07',NULL,4395,NULL,'38000317','in','stock in','transfer stock in','DG202302020002',NULL,50,'2023-12-31','0000-00-00','2023-02-02 20:04:02',1,NULL),(365,'ST202302020017','DCG1100',NULL,NULL,4393,3090,'38000255','out','stock out','transfer stock out','DG202302020003',NULL,50,'2023-12-31','0000-00-00','2023-02-02 20:05:22',1,NULL),(366,'ST202302020017','DCG1200',NULL,NULL,4394,3091,'38000300','out','stock out','transfer stock out','DG202302020003',NULL,50,'2023-12-31','0000-00-00','2023-02-02 20:05:22',1,NULL),(367,'ST202302020017','DCG1300',NULL,NULL,4395,3092,'38000317','out','stock out','transfer stock out','DG202302020003',NULL,50,'2023-12-31','0000-00-00','2023-02-02 20:05:22',1,NULL),(368,'ST202302020018','DCG1100','WH06.07',NULL,4393,NULL,'38000255','in','stock in','transfer stock in','DG202302020003',NULL,50,'2023-12-31','0000-00-00','2023-02-02 20:06:26',1,NULL),(369,'ST202302020018','DCG1200','WH06.07',NULL,4394,NULL,'38000300','in','stock in','transfer stock in','DG202302020003',NULL,50,'2023-12-31','0000-00-00','2023-02-02 20:06:26',1,NULL),(370,'ST202302020018','DCG1300','WH06.07',NULL,4395,NULL,'38000317','in','stock in','transfer stock in','DG202302020003',NULL,50,'2023-12-31','0000-00-00','2023-02-02 20:06:26',1,NULL),(371,'ST202302030001','CAO0110','WH06.07',230300135,4340,NULL,'7612100019184','in','stock in',NULL,NULL,NULL,6,'2024-06-14','0000-00-00','2023-02-03 09:08:07',1,NULL),(372,'ST202302030001','LDT0910','WH06.07',230300135,4500,NULL,'7610400068369','in','stock in',NULL,NULL,NULL,24,'2023-03-13','0000-00-00','2023-02-03 09:08:07',1,NULL),(373,'ST202302030001','LDT0920','WH06.07',230300135,4501,NULL,'7610400014649','in','stock in',NULL,NULL,NULL,24,'2023-03-31','0000-00-00','2023-02-03 09:08:07',1,NULL),(374,'ST202302030001','WNL0130','WH06.07',230300135,4611,NULL,'7610062080341','in','stock in',NULL,NULL,NULL,16,'2023-04-29','0000-00-00','2023-02-03 09:08:07',1,NULL),(375,'ST202302030001','WNL0180','WH06.07',230300135,4614,NULL,'07610062092566','in','stock in',NULL,NULL,NULL,12,'2023-10-05','0000-00-00','2023-02-03 09:08:07',1,NULL),(376,'ST202302030001','WTR0140','WH06.07',230300135,4651,NULL,'8003535023256','in','stock in',NULL,NULL,NULL,12,'2023-12-31','0000-00-00','2023-02-03 09:08:07',1,NULL),(377,'ST202302030001','ZAI0410','WH06.07',230300135,4677,NULL,'8004735065237','in','stock in',NULL,NULL,NULL,24,'2023-12-31','0000-00-00','2023-02-03 09:08:07',1,NULL);
/*!40000 ALTER TABLE `t_stock` ENABLE KEYS */;
UNLOCK TABLES;

--
-- Table structure for table `t_toko`
--

DROP TABLE IF EXISTS `t_toko`;
/*!40101 SET @saved_cs_client     = @@character_set_client */;
/*!40101 SET character_set_client = utf8 */;
CREATE TABLE `t_toko` (
  `id` int(11) NOT NULL AUTO_INCREMENT,
  `kode_seller` varchar(50) DEFAULT NULL,
  `kode_area` varchar(50) DEFAULT NULL,
  `store_id` varchar(100) DEFAULT NULL,
  `code_store` varchar(4) DEFAULT NULL,
  `series_name` varchar(255) DEFAULT NULL,
  `whs_code` varchar(255) DEFAULT NULL,
  `nama_toko` varchar(100) NOT NULL,
  `toko_cabang` varchar(200) NOT NULL,
  `alamat_toko` text NOT NULL,
  `is_active` varchar(10) DEFAULT 'n',
  `created` datetime DEFAULT NULL,
  `created_by` varchar(100) DEFAULT NULL,
  `updated` datetime DEFAULT NULL,
  `updated_by` varchar(100) DEFAULT NULL,
  PRIMARY KEY (`id`)
) ENGINE=InnoDB AUTO_INCREMENT=6 DEFAULT CHARSET=latin1;
/*!40101 SET character_set_client = @saved_cs_client */;

--
-- Dumping data for table `t_toko`
--

LOCK TABLES `t_toko` WRITE;
/*!40000 ALTER TABLE `t_toko` DISABLE KEYS */;
INSERT INTO `t_toko` VALUES (1,NULL,NULL,NULL,NULL,NULL,NULL,'famous amous','alam sutera','jl alam sutera tangerang banten\r\n','n',NULL,NULL,'2022-12-14 15:04:28','1'),(2,'FA','JKT','FA01BWM01 ','FA37',NULL,NULL,'FA BAY WALK MALL ','SENAYAN','Senayan, Jakarta Selatan','n','2022-12-14 13:52:59','1','2022-12-20 15:29:09','1'),(3,'FA','JKT','FA01GAR01 ','FA12',NULL,NULL,'GANDARIA CITY','JAKARTA ','Jakarta Selatan','n','2022-12-14 14:02:58','1','2022-12-20 16:56:06','1'),(4,NULL,NULL,'FA7898','FX12',NULL,NULL,'FA TEST','SUNTER','INDOKARYA','n',NULL,NULL,'2022-12-20 15:28:43','1'),(5,'FA','JKT',NULL,'FA23','FA-23','WH06.07','FA MALL KELAPA GADING','MALL KELAPA GADING','MALL KELAPA GADING','y',NULL,NULL,'2023-01-14 13:38:46','1');
/*!40000 ALTER TABLE `t_toko` ENABLE KEYS */;
UNLOCK TABLES;

--
-- Table structure for table `tax`
--

DROP TABLE IF EXISTS `tax`;
/*!40101 SET @saved_cs_client     = @@character_set_client */;
/*!40101 SET character_set_client = utf8 */;
CREATE TABLE `tax` (
  `id` int(11) NOT NULL AUTO_INCREMENT,
  `tax` float NOT NULL,
  `tax_value` float NOT NULL,
  `update_by` varchar(50) NOT NULL,
  `update_date` datetime NOT NULL DEFAULT current_timestamp(),
  PRIMARY KEY (`id`)
) ENGINE=InnoDB AUTO_INCREMENT=2 DEFAULT CHARSET=latin1;
/*!40101 SET character_set_client = @saved_cs_client */;

--
-- Dumping data for table `tax`
--

LOCK TABLES `tax` WRITE;
/*!40000 ALTER TABLE `tax` DISABLE KEYS */;
INSERT INTO `tax` VALUES (1,0.11,111,'1','2023-01-17 14:47:57');
/*!40000 ALTER TABLE `tax` ENABLE KEYS */;
UNLOCK TABLES;

--
-- Table structure for table `tb_event`
--

DROP TABLE IF EXISTS `tb_event`;
/*!40101 SET @saved_cs_client     = @@character_set_client */;
/*!40101 SET character_set_client = utf8 */;
CREATE TABLE `tb_event` (
  `id_event` int(11) NOT NULL AUTO_INCREMENT,
  `nama_event` varchar(255) DEFAULT NULL,
  `min_sales` float DEFAULT NULL,
  `start_periode` datetime DEFAULT NULL,
  `end_periode` datetime DEFAULT NULL,
  `is_active` varchar(255) DEFAULT 'y',
  PRIMARY KEY (`id_event`)
) ENGINE=InnoDB AUTO_INCREMENT=2 DEFAULT CHARSET=latin1;
/*!40101 SET character_set_client = @saved_cs_client */;

--
-- Dumping data for table `tb_event`
--

LOCK TABLES `tb_event` WRITE;
/*!40000 ALTER TABLE `tb_event` DISABLE KEYS */;
INSERT INTO `tb_event` VALUES (1,'bonus1',300000,'2023-01-20 15:43:11','2025-01-20 15:43:11','y');
/*!40000 ALTER TABLE `tb_event` ENABLE KEYS */;
UNLOCK TABLES;

--
-- Table structure for table `tb_item_bonus`
--

DROP TABLE IF EXISTS `tb_item_bonus`;
/*!40101 SET @saved_cs_client     = @@character_set_client */;
/*!40101 SET character_set_client = utf8 */;
CREATE TABLE `tb_item_bonus` (
  `id` int(11) NOT NULL AUTO_INCREMENT,
  `id_event` int(11) DEFAULT NULL,
  `item_code` varchar(255) DEFAULT NULL,
  PRIMARY KEY (`id`)
) ENGINE=InnoDB AUTO_INCREMENT=2 DEFAULT CHARSET=latin1;
/*!40101 SET character_set_client = @saved_cs_client */;

--
-- Dumping data for table `tb_item_bonus`
--

LOCK TABLES `tb_item_bonus` WRITE;
/*!40000 ALTER TABLE `tb_item_bonus` DISABLE KEYS */;
INSERT INTO `tb_item_bonus` VALUES (1,1,'DCG0800');
/*!40000 ALTER TABLE `tb_item_bonus` ENABLE KEYS */;
UNLOCK TABLES;

--
-- Table structure for table `tb_item_produksi`
--

DROP TABLE IF EXISTS `tb_item_produksi`;
/*!40101 SET @saved_cs_client     = @@character_set_client */;
/*!40101 SET character_set_client = utf8 */;
CREATE TABLE `tb_item_produksi` (
  `id` int(11) NOT NULL AUTO_INCREMENT,
  `item_code` varchar(255) DEFAULT NULL,
  `created_by` int(11) DEFAULT NULL,
  PRIMARY KEY (`id`)
) ENGINE=InnoDB AUTO_INCREMENT=22 DEFAULT CHARSET=utf8mb4;
/*!40101 SET character_set_client = @saved_cs_client */;

--
-- Dumping data for table `tb_item_produksi`
--

LOCK TABLES `tb_item_produksi` WRITE;
/*!40000 ALTER TABLE `tb_item_produksi` DISABLE KEYS */;
INSERT INTO `tb_item_produksi` VALUES (20,'DCG0500',1),(21,'DCG0500',1);
/*!40000 ALTER TABLE `tb_item_produksi` ENABLE KEYS */;
UNLOCK TABLES;

--
-- Table structure for table `tb_item_produksi_detail`
--

DROP TABLE IF EXISTS `tb_item_produksi_detail`;
/*!40101 SET @saved_cs_client     = @@character_set_client */;
/*!40101 SET character_set_client = utf8 */;
CREATE TABLE `tb_item_produksi_detail` (
  `id` int(11) NOT NULL AUTO_INCREMENT,
  `item_id` int(11) DEFAULT NULL,
  `exp_date` datetime DEFAULT NULL,
  `qty` float DEFAULT NULL,
  `created_by` int(11) DEFAULT NULL,
  `created` datetime DEFAULT current_timestamp(),
  `item_code` varchar(255) DEFAULT NULL,
  `id_item_detail` int(11) DEFAULT NULL,
  `id_item_produksi` int(11) DEFAULT NULL,
  PRIMARY KEY (`id`)
) ENGINE=InnoDB AUTO_INCREMENT=22 DEFAULT CHARSET=utf8mb4;
/*!40101 SET character_set_client = @saved_cs_client */;

--
-- Dumping data for table `tb_item_produksi_detail`
--

LOCK TABLES `tb_item_produksi_detail` WRITE;
/*!40000 ALTER TABLE `tb_item_produksi_detail` DISABLE KEYS */;
INSERT INTO `tb_item_produksi_detail` VALUES (19,4383,'2023-12-30 10:52:47',3,1,'2023-02-02 13:46:44','DCG0100',159,20),(20,4384,'2023-12-30 10:52:47',2,1,'2023-02-02 13:46:44','DCG0200',160,20),(21,4386,'2023-12-31 00:00:00',5,1,'2023-02-02 14:19:35','DCG0400',3083,21);
/*!40000 ALTER TABLE `tb_item_produksi_detail` ENABLE KEYS */;
UNLOCK TABLES;

--
-- Table structure for table `tb_printer`
--

DROP TABLE IF EXISTS `tb_printer`;
/*!40101 SET @saved_cs_client     = @@character_set_client */;
/*!40101 SET character_set_client = utf8 */;
CREATE TABLE `tb_printer` (
  `id` int(11) NOT NULL AUTO_INCREMENT,
  `printer_name` varchar(255) DEFAULT NULL,
  PRIMARY KEY (`id`)
) ENGINE=InnoDB AUTO_INCREMENT=2 DEFAULT CHARSET=utf8mb4;
/*!40101 SET character_set_client = @saved_cs_client */;

--
-- Dumping data for table `tb_printer`
--

LOCK TABLES `tb_printer` WRITE;
/*!40000 ALTER TABLE `tb_printer` DISABLE KEYS */;
INSERT INTO `tb_printer` VALUES (1,'POS-80C');
/*!40000 ALTER TABLE `tb_printer` ENABLE KEYS */;
UNLOCK TABLES;

--
-- Table structure for table `tb_transfer_stock`
--

DROP TABLE IF EXISTS `tb_transfer_stock`;
/*!40101 SET @saved_cs_client     = @@character_set_client */;
/*!40101 SET character_set_client = utf8 */;
CREATE TABLE `tb_transfer_stock` (
  `id` int(11) NOT NULL AUTO_INCREMENT,
  `docnum` varchar(255) DEFAULT NULL,
  `whs_code_rec` varchar(255) DEFAULT NULL,
  `whs_code_send` varchar(255) DEFAULT NULL,
  `type_transfer` varchar(255) DEFAULT NULL,
  `created_by` varchar(255) DEFAULT NULL,
  `created` datetime DEFAULT current_timestamp(),
  PRIMARY KEY (`id`)
) ENGINE=InnoDB AUTO_INCREMENT=28 DEFAULT CHARSET=utf8mb4;
/*!40101 SET character_set_client = @saved_cs_client */;

--
-- Dumping data for table `tb_transfer_stock`
--

LOCK TABLES `tb_transfer_stock` WRITE;
/*!40000 ALTER TABLE `tb_transfer_stock` DISABLE KEYS */;
INSERT INTO `tb_transfer_stock` VALUES (25,'DG202302020001','WH06.07','WH06.07','out','1','2023-02-02 16:13:25'),(26,'DG202302020002','WH06.07','WH06.07','out','1','2023-02-02 19:30:19'),(27,'DG202302020003','WH06.07','WH06.07','out','1','2023-02-02 20:05:22');
/*!40000 ALTER TABLE `tb_transfer_stock` ENABLE KEYS */;
UNLOCK TABLES;

--
-- Table structure for table `tb_transfer_stock_detail`
--

DROP TABLE IF EXISTS `tb_transfer_stock_detail`;
/*!40101 SET @saved_cs_client     = @@character_set_client */;
/*!40101 SET character_set_client = utf8 */;
CREATE TABLE `tb_transfer_stock_detail` (
  `id` int(11) NOT NULL AUTO_INCREMENT,
  `docnum` varchar(255) DEFAULT NULL,
  `item_code` varchar(255) DEFAULT NULL,
  `barcode` varchar(255) DEFAULT NULL,
  `item_id` int(11) DEFAULT NULL,
  `item_id_detail` int(11) DEFAULT NULL,
  `qty` float DEFAULT NULL,
  `exp_date` datetime DEFAULT NULL,
  `created_by` int(11) DEFAULT NULL,
  PRIMARY KEY (`id`)
) ENGINE=InnoDB AUTO_INCREMENT=57 DEFAULT CHARSET=utf8mb4;
/*!40101 SET character_set_client = @saved_cs_client */;

--
-- Dumping data for table `tb_transfer_stock_detail`
--

LOCK TABLES `tb_transfer_stock_detail` WRITE;
/*!40000 ALTER TABLE `tb_transfer_stock_detail` DISABLE KEYS */;
INSERT INTO `tb_transfer_stock_detail` VALUES (50,'DG202302020001','DCG0300','00330006',4385,3082,500,'2023-12-31 00:00:00',1),(51,'DG202302020002','DCG1100','38000255',4393,3090,50,'2023-12-31 00:00:00',1),(52,'DG202302020002','DCG1200','38000300',4394,3091,50,'2023-12-31 00:00:00',1),(53,'DG202302020002','DCG1300','38000317',4395,3092,50,'2023-12-31 00:00:00',1),(54,'DG202302020003','DCG1100','38000255',4393,3090,50,'2023-12-31 00:00:00',1),(55,'DG202302020003','DCG1200','38000300',4394,3091,50,'2023-12-31 00:00:00',1),(56,'DG202302020003','DCG1300','38000317',4395,3092,50,'2023-12-31 00:00:00',1);
/*!40000 ALTER TABLE `tb_transfer_stock_detail` ENABLE KEYS */;
UNLOCK TABLES;

--
-- Table structure for table `type_bayar`
--

DROP TABLE IF EXISTS `type_bayar`;
/*!40101 SET @saved_cs_client     = @@character_set_client */;
/*!40101 SET character_set_client = utf8 */;
CREATE TABLE `type_bayar` (
  `id` int(11) NOT NULL AUTO_INCREMENT,
  `type_bayar` varchar(100) NOT NULL,
  `create_by` varchar(50) NOT NULL,
  `create_date` datetime NOT NULL DEFAULT current_timestamp(),
  PRIMARY KEY (`id`)
) ENGINE=InnoDB AUTO_INCREMENT=10 DEFAULT CHARSET=latin1;
/*!40101 SET character_set_client = @saved_cs_client */;

--
-- Dumping data for table `type_bayar`
--

LOCK TABLES `type_bayar` WRITE;
/*!40000 ALTER TABLE `type_bayar` DISABLE KEYS */;
INSERT INTO `type_bayar` VALUES (1,'tunai','','2022-12-02 13:35:02'),(2,'debit','','2022-12-02 13:35:02'),(5,'master','1','2022-12-12 10:23:43'),(6,'visa','1','2022-12-12 10:23:50'),(8,'lain-lain','1','2022-12-12 10:28:51'),(9,'cash','1','2022-12-12 10:29:19');
/*!40000 ALTER TABLE `type_bayar` ENABLE KEYS */;
UNLOCK TABLES;

--
-- Table structure for table `user`
--

DROP TABLE IF EXISTS `user`;
/*!40101 SET @saved_cs_client     = @@character_set_client */;
/*!40101 SET character_set_client = utf8 */;
CREATE TABLE `user` (
  `user_id` int(11) NOT NULL AUTO_INCREMENT,
  `username` varchar(40) NOT NULL,
  `password` varchar(40) NOT NULL,
  `name` varchar(100) NOT NULL,
  `address` varchar(200) DEFAULT NULL,
  `level` int(1) NOT NULL COMMENT '1:admin, 2:kasir',
  PRIMARY KEY (`user_id`)
) ENGINE=InnoDB AUTO_INCREMENT=4 DEFAULT CHARSET=utf8mb4;
/*!40101 SET character_set_client = @saved_cs_client */;

--
-- Dumping data for table `user`
--

LOCK TABLES `user` WRITE;
/*!40000 ALTER TABLE `user` DISABLE KEYS */;
INSERT INTO `user` VALUES (1,'admin','d033e22ae348aeb5660fc2140aec35850c4da997','Bambang','Pati',1),(2,'kasir1','8cfab3d2724448440ea03b9cfa0194cb962a7723','Lina','Jakarta',2),(3,'kasir2','8cfab3d2724448440ea03b9cfa0194cb962a7723','kasir2',NULL,2);
/*!40000 ALTER TABLE `user` ENABLE KEYS */;
UNLOCK TABLES;

--
-- Dumping routines for database 'mypos'
--
/*!50003 DROP PROCEDURE IF EXISTS `select_item` */;
/*!50003 SET @saved_cs_client      = @@character_set_client */ ;
/*!50003 SET @saved_cs_results     = @@character_set_results */ ;
/*!50003 SET @saved_col_connection = @@collation_connection */ ;
/*!50003 SET character_set_client  = utf8mb4 */ ;
/*!50003 SET character_set_results = utf8mb4 */ ;
/*!50003 SET collation_connection  = utf8mb4_general_ci */ ;
/*!50003 SET @saved_sql_mode       = @@sql_mode */ ;
/*!50003 SET sql_mode              = 'NO_AUTO_VALUE_ON_ZERO' */ ;
DELIMITER ;;
CREATE DEFINER=`prg`@`%` PROCEDURE `select_item`(IN `input_item_code` VARCHAR(255))
begin
	select * from p_item where item_code = input_item_code;
END ;;
DELIMITER ;
/*!50003 SET sql_mode              = @saved_sql_mode */ ;
/*!50003 SET character_set_client  = @saved_cs_client */ ;
/*!50003 SET character_set_results = @saved_cs_results */ ;
/*!50003 SET collation_connection  = @saved_col_connection */ ;
/*!40103 SET TIME_ZONE=@OLD_TIME_ZONE */;

/*!40101 SET SQL_MODE=@OLD_SQL_MODE */;
/*!40014 SET FOREIGN_KEY_CHECKS=@OLD_FOREIGN_KEY_CHECKS */;
/*!40014 SET UNIQUE_CHECKS=@OLD_UNIQUE_CHECKS */;
/*!40101 SET CHARACTER_SET_CLIENT=@OLD_CHARACTER_SET_CLIENT */;
/*!40101 SET CHARACTER_SET_RESULTS=@OLD_CHARACTER_SET_RESULTS */;
/*!40101 SET COLLATION_CONNECTION=@OLD_COLLATION_CONNECTION */;
/*!40111 SET SQL_NOTES=@OLD_SQL_NOTES */;

-- Dump completed on 2023-02-05 13:30:03
